id,facenet_id_res,facenet_prob_res,openface_id_res,openface_prob_res,Pred_Result_id,Pred_Result_prob,Actual Result,Update Result
1,zj,0.37,zj,0.42,zj,0.37,zj,c= o-f>0.63
2,lan,0.16,b13,0.19,lan,0.16,b13,o-f<0.63
3,b16,0.52,b16,0.31,b16,0.52,b16,c= o-f>0.63
4,b11,0.4,b11,0.41,b11,0.4,b11,c= o-f>0.63
5,b13,0.34,b16,0.2,b13,0.34,b13,c = f>o
6,lan,0.39,lan,0.34,lan,0.39,lan,c= o-f>0.63
7,lan,0.17,lan,0.4,lan,0.17,lan,c = f<o
8,andy,0.27,lan,0.17,andy,0.27,lan,o-f<0.63
9,b12,0.2,b17,0.3,b12,0.2,b12,c = f<o
10,andy,0.24,b15,0.26,andy,0.24,andy,o-f<0.63
11,trump,0.35,trump,0.41,trump,0.35,trump,c= o-f>0.63
12,b16,0.53,b16,0.49,b16,0.53,b16,c= o-f>0.63
13,andy,0.44,b15,0.2,andy,0.44,andy,c = f>o
14,b11,0.41,b11,0.43,b11,0.41,b11,c= o-f>0.63
15,b13,0.36,b13,0.45,b13,0.36,b13,c= o-f>0.63
16,b11,0.2,b17,0.2,b11,0.2,b17,o-f<0.63
17,andy,0.4,andy,0.62,andy,0.4,andy,c= o-f>0.63
18,b11,0.43,b11,0.44,b11,0.43,b11,c= o-f>0.63
19,b13,0.27,b13,0.27,b13,0.27,b13,o-f<0.63
20,andy,0.24,lan,0.27,andy,0.24,lan,o-f<0.63
21,b16,0.45,b16,0.43,b16,0.45,b16,c= o-f>0.63
22,b11,0.3,b11,0.31,b11,0.3,b11,c= o-f>0.63
23,zj,0.41,zj,0.49,zj,0.41,zj,c= o-f>0.63
24,zj,0.45,zj,0.45,zj,0.45,zj,c= o-f>0.63
25,andy,0.16,andy,0.4,andy,0.16,zj,c = f<o
26,trump,0.23,b16,0.24,trump,0.23,b15,o-f<0.63
27,b12,0.33,b12,0.41,b12,0.33,b12,c= o-f>0.63
28,andy,0.33,andy,0.32,andy,0.33,andy,c= o-f>0.63
29,b11,0.36,b11,0.3,b11,0.36,b11,c= o-f>0.63
30,b17,0.22,b17,0.4,b17,0.22,b17,c = f<o
31,b15,0.28,b15,0.4,b15,0.28,b15,c = f<o
32,b17,0.19,b17,0.34,b17,0.19,b17,c = f<o
33,b16,0.22,b17,0.38,b16,0.22,b17,c = f<o
34,b16,0.2,b17,0.23,b16,0.2,b17,o-f<0.63
35,zj,0.38,zj,0.32,zj,0.38,zj,c= o-f>0.63
36,trump,0.42,trump,0.43,trump,0.42,trump,c= o-f>0.63
37,b16,0.44,zj,0.18,b16,0.44,b16,c = f>o
38,b12,0.18,b17,0.28,b12,0.18,b12,o-f<0.63
39,zj,0.37,zj,0.41,zj,0.37,zj,c= o-f>0.63
40,trump,0.41,trump,0.41,trump,0.41,trump,c= o-f>0.63
41,zj,0.46,zj,0.44,zj,0.46,zj,c= o-f>0.63
42,trump,0.35,trump,0.49,trump,0.35,trump,c= o-f>0.63
43,andy,0.21,lan,0.47,andy,0.21,lan,c = f<o
44,b12,0.3,b12,0.34,b12,0.3,b12,c= o-f>0.63
45,b12,0.32,b17,0.23,b12,0.32,b12,c = f>o
46,trump,0.39,trump,0.38,trump,0.39,trump,c= o-f>0.63
47,b12,0.25,zj,0.14,b12,0.25,b12,o-f<0.63
48,b15,0.37,b15,0.4,b15,0.37,b15,c= o-f>0.63
49,andy,0.25,lan,0.38,andy,0.25,lan,c = f<o
50,b16,0.18,b16,0.26,b16,0.18,b15,o-f<0.63
51,b15,0.24,trump,0.16,b15,0.24,b15,o-f<0.63
52,trump,0.3,lan,0.26,trump,0.3,trump,c = f>o
53,b15,0.3,b15,0.35,b15,0.3,b15,c= o-f>0.63
54,trump,0.38,trump,0.42,trump,0.38,trump,c= o-f>0.63
55,b11,0.41,b11,0.4,b11,0.41,b11,c= o-f>0.63
56,b13,0.39,lan,0.16,b13,0.39,b13,c = f>o
57,b13,0.23,b13,0.29,b13,0.23,b13,o-f<0.63
58,andy,0.24,b12,0.16,andy,0.24,b15,o-f<0.63
59,zj,0.44,zj,0.43,zj,0.44,zj,c= o-f>0.63
60,andy,0.24,lan,0.48,andy,0.24,lan,c = f<o
61,b16,0.38,b16,0.32,b16,0.38,b16,c= o-f>0.63
62,trump,0.36,trump,0.33,trump,0.36,trump,c= o-f>0.63
63,b16,0.55,b16,0.47,b16,0.55,b16,c= o-f>0.63
64,lan,0.25,lan,0.49,lan,0.25,lan,c = f<o
65,zj,0.4,zj,0.4,zj,0.4,zj,c= o-f>0.63
66,b13,0.28,andy,0.28,b13,0.28,b13,o-f<0.63
67,b17,0.28,b17,0.58,b17,0.28,b17,c = f<o
68,lan,0.31,lan,0.34,lan,0.31,lan,c= o-f>0.63
69,andy,0.43,andy,0.4,andy,0.43,andy,c= o-f>0.63
70,b13,0.32,b13,0.45,b13,0.32,b13,c= o-f>0.63
71,b12,0.29,b12,0.35,b12,0.29,b12,c = f<o
72,b16,0.53,b16,0.24,b16,0.53,b16,c = f>o
73,trump,0.3,trump,0.21,trump,0.3,trump,c = f>o
74,zj,0.42,zj,0.36,zj,0.42,zj,c= o-f>0.63
75,trump,0.37,trump,0.3,trump,0.37,trump,c= o-f>0.63
76,b13,0.27,b13,0.32,b13,0.27,b13,c = f<o
77,b12,0.3,b12,0.26,b12,0.3,b12,c = f>o
78,trump,0.29,trump,0.43,trump,0.29,trump,c = f<o
79,b15,0.22,b16,0.24,b15,0.22,b15,o-f<0.63
80,lan,0.4,lan,0.21,lan,0.4,lan,c = f>o
81,andy,0.24,andy,0.36,andy,0.24,lan,c = f<o
82,b13,0.37,b13,0.48,b13,0.37,b13,c= o-f>0.63
83,b16,0.57,b16,0.49,b16,0.57,b16,c= o-f>0.63
84,zj,0.43,zj,0.35,zj,0.43,zj,c= o-f>0.63
85,b16,0.51,b16,0.36,b16,0.51,b16,c= o-f>0.63
86,b15,0.39,b15,0.4,b15,0.39,b15,c= o-f>0.63
87,b17,0.19,b17,0.54,b17,0.19,b17,c = f<o
88,b11,0.36,b11,0.25,b11,0.36,b11,c = f>o
89,b16,0.45,b16,0.43,b16,0.45,b16,c= o-f>0.63
90,andy,0.3,andy,0.48,andy,0.3,andy,c= o-f>0.63
91,b16,0.57,b16,0.44,b16,0.57,b16,c= o-f>0.63
92,b16,0.27,trump,0.33,b16,0.27,trump,c = f<o
93,b13,0.19,b13,0.35,b13,0.19,b13,c = f<o
94,b16,0.17,b16,0.23,b16,0.17,b16,o-f<0.63
95,b16,0.52,b16,0.36,b16,0.52,b16,c= o-f>0.63
96,b11,0.42,b11,0.41,b11,0.42,b11,c= o-f>0.63
97,trump,0.32,trump,0.37,trump,0.32,trump,c= o-f>0.63
98,trump,0.31,trump,0.43,trump,0.31,trump,c= o-f>0.63
99,zj,0.35,zj,0.47,zj,0.35,zj,c= o-f>0.63
100,b15,0.41,b15,0.4,b15,0.41,b15,c= o-f>0.63
101,b16,0.4,b16,0.41,b16,0.4,b16,c= o-f>0.63
102,b17,0.21,b15,0.15,b17,0.21,b17,o-f<0.63
103,b11,0.35,b11,0.43,b11,0.35,b11,c= o-f>0.63
104,trump,0.44,trump,0.42,trump,0.44,trump,c= o-f>0.63
105,b15,0.23,b15,0.25,b15,0.23,b15,o-f<0.63
106,b15,0.2,b16,0.19,b15,0.2,b15,o-f<0.63
107,b15,0.31,b15,0.38,b15,0.31,b15,c= o-f>0.63
108,lan,0.29,lan,0.49,lan,0.29,lan,c = f<o
109,b17,0.24,b17,0.57,b17,0.24,b17,c = f<o
110,zj,0.27,trump,0.21,zj,0.27,zj,o-f<0.63
111,b12,0.25,b12,0.3,b12,0.25,b12,c = f<o
112,b12,0.29,b12,0.39,b12,0.29,b12,c = f<o
113,trump,0.3,trump,0.45,trump,0.3,trump,c= o-f>0.63
114,b11,0.35,b11,0.4,b11,0.35,b11,c= o-f>0.63
115,b12,0.34,b12,0.37,b12,0.34,b12,c= o-f>0.63
116,lan,0.25,trump,0.2,lan,0.25,zj,o-f<0.63
117,b15,0.15,b15,0.13,b15,0.15,b17,o-f<0.63
118,b15,0.27,b17,0.18,b15,0.27,b15,o-f<0.63
119,b16,0.5,b16,0.37,b16,0.5,b16,c= o-f>0.63
120,andy,0.16,lan,0.17,andy,0.16,b13,o-f<0.63
121,trump,0.19,trump,0.33,trump,0.19,trump,c = f<o
122,b16,0.5,b16,0.39,b16,0.5,b16,c= o-f>0.63
123,andy,0.18,lan,0.2,andy,0.18,andy,o-f<0.63
124,b17,0.26,b17,0.59,b17,0.26,b17,c = f<o
125,b13,0.26,b13,0.38,b13,0.26,b13,c = f<o
126,b13,0.29,b13,0.4,b13,0.29,b13,c = f<o
127,b13,0.34,b13,0.4,b13,0.34,b13,c= o-f>0.63
128,b17,0.24,b17,0.53,b17,0.24,b17,c = f<o
129,andy,0.48,andy,0.33,andy,0.48,andy,c= o-f>0.63
130,trump,0.18,trump,0.23,trump,0.18,trump,o-f<0.63
131,b16,0.47,b16,0.38,b16,0.47,b16,c= o-f>0.63
132,b15,0.32,b15,0.24,b15,0.32,b15,c = f>o
133,andy,0.2,b15,0.27,andy,0.2,lan,o-f<0.63
134,b13,0.43,andy,0.26,b13,0.43,b13,c = f>o
135,trump,0.3,trump,0.45,trump,0.3,trump,c= o-f>0.63
136,b12,0.29,b12,0.36,b12,0.29,b12,c = f<o
137,b11,0.33,b16,0.19,b11,0.33,b11,c = f>o
138,b15,0.33,b15,0.2,b15,0.33,b15,c = f>o
139,b12,0.29,b12,0.3,b12,0.29,b12,c = f<o
140,andy,0.38,andy,0.38,andy,0.38,andy,c= o-f>0.63
141,b15,0.17,b17,0.17,b15,0.17,b15,o-f<0.63
142,b11,0.36,b17,0.31,b11,0.36,b11,c not= o-f>0.63
143,b11,0.34,b11,0.28,b11,0.34,b11,c = f>o
144,b17,0.28,b17,0.54,b17,0.28,b17,c = f<o
145,trump,0.36,trump,0.41,trump,0.36,trump,c= o-f>0.63
146,b13,0.23,andy,0.47,b13,0.23,lan,c = f<o
147,b11,0.41,b11,0.42,b11,0.41,b11,c= o-f>0.63
148,b11,0.21,b17,0.39,b11,0.21,b17,c = f<o
149,b12,0.36,b12,0.39,b12,0.36,b12,c= o-f>0.63
150,b13,0.4,b13,0.46,b13,0.4,b13,c= o-f>0.63
151,b16,0.55,b16,0.49,b16,0.55,b16,c= o-f>0.63
152,b11,0.43,b11,0.41,b11,0.43,b11,c= o-f>0.63
153,zj,0.4,zj,0.41,zj,0.4,zj,c= o-f>0.63
154,andy,0.27,andy,0.4,andy,0.27,andy,c = f<o
155,andy,0.45,lan,0.29,andy,0.45,andy,c = f>o
156,b11,0.26,b11,0.3,b11,0.26,b11,c = f<o
157,lan,0.24,lan,0.29,lan,0.24,lan,o-f<0.63
158,trump,0.33,trump,0.43,trump,0.33,trump,c= o-f>0.63
159,b11,0.18,b17,0.32,b11,0.18,b17,c = f<o
160,b15,0.28,b16,0.21,b15,0.28,b15,o-f<0.63
161,b17,0.27,b17,0.5,b17,0.27,b17,c = f<o
162,b15,0.32,b15,0.29,b15,0.32,b15,c = f>o
163,b13,0.26,b12,0.16,b13,0.26,b13,o-f<0.63
164,b16,0.4,b16,0.24,b16,0.4,b16,c = f>o
165,b16,0.17,b16,0.21,b16,0.17,trump,o-f<0.63
166,lan,0.23,lan,0.37,lan,0.23,lan,c = f<o
167,b13,0.3,b13,0.43,b13,0.3,b13,c= o-f>0.63
168,b11,0.4,b11,0.33,b11,0.4,b11,c= o-f>0.63
169,b11,0.35,b11,0.27,b11,0.35,b11,c = f>o
170,b16,0.46,b16,0.25,b16,0.46,b16,c = f>o
171,b12,0.28,b12,0.41,b12,0.28,b12,c = f<o
172,b15,0.35,b15,0.44,b15,0.35,b15,c= o-f>0.63
173,lan,0.18,lan,0.29,lan,0.18,lan,o-f<0.63
174,b12,0.32,b12,0.36,b12,0.32,b12,c= o-f>0.63
175,b15,0.31,b15,0.31,b15,0.31,b15,c= o-f>0.63
176,lan,0.28,lan,0.39,lan,0.28,lan,c = f<o
177,b12,0.15,b17,0.24,b12,0.15,b12,o-f<0.63
178,andy,0.17,b17,0.15,andy,0.17,b15,o-f<0.63
179,b12,0.3,b12,0.35,b12,0.3,b12,c= o-f>0.63
180,andy,0.17,andy,0.27,andy,0.17,lan,o-f<0.63
181,b12,0.27,b12,0.25,b12,0.27,b12,o-f<0.63
182,b11,0.34,b11,0.26,b11,0.34,b11,c = f>o
183,trump,0.29,trump,0.35,trump,0.29,trump,c = f<o
184,b17,0.2,b17,0.29,b17,0.2,b17,o-f<0.63
185,b12,0.35,b12,0.31,b12,0.35,b12,c= o-f>0.63
186,trump,0.36,trump,0.42,trump,0.36,trump,c= o-f>0.63
187,b17,0.33,b17,0.55,b17,0.33,b17,c= o-f>0.63
188,andy,0.31,b15,0.26,andy,0.31,andy,c = f>o
189,andy,0.27,zj,0.15,andy,0.27,andy,o-f<0.63
190,b15,0.37,b15,0.45,b15,0.37,b15,c= o-f>0.63
191,andy,0.25,lan,0.31,andy,0.25,lan,c = f<o
192,b16,0.49,b16,0.47,b16,0.49,b16,c= o-f>0.63
193,andy,0.35,lan,0.14,andy,0.35,andy,c = f>o
194,b16,0.43,b16,0.24,b16,0.43,b16,c = f>o
195,zj,0.4,zj,0.48,zj,0.4,zj,c= o-f>0.63
196,b17,0.33,b17,0.48,b17,0.33,b17,c= o-f>0.63
197,b16,0.3,b16,0.23,b16,0.3,b11,c = f>o
198,lan,0.28,zj,0.26,lan,0.28,zj,o-f<0.63
199,b17,0.23,b17,0.24,b17,0.23,b17,o-f<0.63
200,andy,0.38,andy,0.37,andy,0.38,andy,c= o-f>0.63
201,zj,0.31,zj,0.27,zj,0.31,zj,c = f>o
202,lan,0.36,lan,0.34,lan,0.36,lan,c= o-f>0.63
203,b16,0.34,b16,0.15,b16,0.34,b16,c = f>o
204,trump,0.37,trump,0.43,trump,0.37,trump,c= o-f>0.63
205,b16,0.5,b16,0.33,b16,0.5,b16,c= o-f>0.63
206,b17,0.31,b17,0.57,b17,0.31,b17,c= o-f>0.63
207,b16,0.49,b16,0.36,b16,0.49,b16,c= o-f>0.63
208,b11,0.22,b11,0.28,b11,0.22,b11,o-f<0.63
209,b11,0.38,b11,0.43,b11,0.38,b11,c= o-f>0.63
210,b16,0.49,b16,0.39,b16,0.49,b16,c= o-f>0.63
211,b13,0.28,b13,0.49,b13,0.28,b13,c = f<o
212,b16,0.54,b16,0.44,b16,0.54,b16,c= o-f>0.63
213,b16,0.56,b16,0.53,b16,0.56,b16,c= o-f>0.63
214,andy,0.15,b11,0.24,andy,0.15,b15,o-f<0.63
215,b12,0.19,b17,0.27,b12,0.19,b12,o-f<0.63
216,andy,0.23,zj,0.25,andy,0.23,b15,o-f<0.63
217,b13,0.4,b13,0.48,b13,0.4,b13,c= o-f>0.63
218,zj,0.41,zj,0.33,zj,0.41,zj,c= o-f>0.63
219,b12,0.26,b12,0.35,b12,0.26,b12,c = f<o
220,b12,0.17,b17,0.19,b12,0.17,b12,o-f<0.63
221,b15,0.3,b15,0.33,b15,0.3,b15,c= o-f>0.63
222,b11,0.39,b11,0.39,b11,0.39,b11,c= o-f>0.63
223,zj,0.35,zj,0.35,zj,0.35,zj,c= o-f>0.63
224,trump,0.38,trump,0.28,trump,0.38,trump,c = f>o
225,b12,0.31,b12,0.39,b12,0.31,b12,c= o-f>0.63
226,b16,0.22,trump,0.19,b16,0.22,trump,o-f<0.63
227,andy,0.27,lan,0.29,andy,0.27,lan,o-f<0.63
228,b16,0.53,b16,0.55,b16,0.53,b16,c= o-f>0.63
229,trump,0.2,b16,0.17,trump,0.2,b15,o-f<0.63
230,andy,0.32,b15,0.17,andy,0.32,andy,c = f>o
231,zj,0.38,zj,0.44,zj,0.38,zj,c= o-f>0.63
232,trump,0.26,trump,0.38,trump,0.26,trump,c = f<o
233,zj,0.47,zj,0.48,zj,0.47,zj,c= o-f>0.63
234,trump,0.36,trump,0.3,trump,0.36,trump,c= o-f>0.63
235,b12,0.31,b17,0.34,b12,0.31,b12,c not= o-f>0.63
236,b17,0.18,b17,0.27,b17,0.18,b17,o-f<0.63
237,trump,0.4,trump,0.43,trump,0.4,trump,c= o-f>0.63
238,trump,0.22,trump,0.31,trump,0.22,trump,c = f<o
239,b16,0.38,b16,0.23,b16,0.38,b16,c = f>o
240,andy,0.23,zj,0.21,andy,0.23,zj,o-f<0.63
241,b16,0.45,b16,0.28,b16,0.45,b16,c = f>o
242,b13,0.29,b13,0.39,b13,0.29,b13,c = f<o
243,b12,0.31,b12,0.39,b12,0.31,b12,c= o-f>0.63
244,b12,0.19,b12,0.21,b12,0.19,b12,o-f<0.63
245,b11,0.38,b11,0.29,b11,0.38,b11,c = f>o
246,lan,0.33,lan,0.5,lan,0.33,lan,c= o-f>0.63
247,b13,0.39,b13,0.49,b13,0.39,b13,c= o-f>0.63
248,b12,0.33,b12,0.36,b12,0.33,b12,c= o-f>0.63
249,b11,0.38,b11,0.32,b11,0.38,b11,c= o-f>0.63
250,b17,0.28,b17,0.28,b17,0.28,b17,o-f<0.63
251,andy,0.42,b15,0.2,andy,0.42,andy,c = f>o
252,trump,0.36,trump,0.21,trump,0.36,trump,c = f>o
253,b11,0.32,b17,0.28,b11,0.32,b11,c = f>o
254,andy,0.41,b13,0.23,andy,0.41,andy,c = f>o
255,b11,0.3,b11,0.19,b11,0.3,b11,c = f>o
256,b12,0.22,b12,0.27,b12,0.22,b12,o-f<0.63
257,b12,0.36,b12,0.39,b12,0.36,b12,c= o-f>0.63
258,lan,0.41,lan,0.57,lan,0.41,lan,c= o-f>0.63
259,andy,0.31,b16,0.17,andy,0.31,andy,c = f>o
260,b13,0.39,b13,0.5,b13,0.39,b13,c= o-f>0.63
261,b15,0.3,b15,0.34,b15,0.3,b15,c= o-f>0.63
262,b12,0.28,b12,0.22,b12,0.28,b12,o-f<0.63
263,trump,0.34,trump,0.32,trump,0.34,trump,c= o-f>0.63
264,andy,0.38,b15,0.27,andy,0.38,andy,c = f>o
265,b11,0.41,b11,0.42,b11,0.41,b11,c= o-f>0.63
266,b16,0.34,b16,0.18,b16,0.34,b16,c = f>o
267,b16,0.42,b16,0.28,b16,0.42,b16,c = f>o
268,trump,0.31,trump,0.28,trump,0.31,trump,c = f>o
269,b15,0.16,b17,0.3,b15,0.16,b17,c = f<o
270,b11,0.39,b11,0.39,b11,0.39,b11,c= o-f>0.63
271,andy,0.3,lan,0.28,andy,0.3,andy,c = f>o
272,trump,0.28,trump,0.39,trump,0.28,trump,c = f<o
273,b13,0.18,b16,0.24,b13,0.18,b13,o-f<0.63
274,b16,0.54,b16,0.37,b16,0.54,b16,c= o-f>0.63
275,b16,0.58,b16,0.48,b16,0.58,b16,c= o-f>0.63
276,zj,0.33,zj,0.42,zj,0.33,zj,c= o-f>0.63
277,zj,0.28,zj,0.36,zj,0.28,zj,c = f<o
278,b13,0.35,b13,0.15,b13,0.35,b13,c = f>o
279,trump,0.31,trump,0.33,trump,0.31,trump,c= o-f>0.63
280,lan,0.38,lan,0.38,lan,0.38,lan,c= o-f>0.63
281,andy,0.23,lan,0.5,andy,0.23,lan,c = f<o
282,trump,0.27,trump,0.3,trump,0.27,trump,c = f<o
283,b17,0.17,b17,0.34,b17,0.17,b17,c = f<o
284,lan,0.35,lan,0.23,lan,0.35,lan,c = f>o
285,b16,0.26,b12,0.25,b16,0.26,b12,o-f<0.63
286,b16,0.16,trump,0.21,b16,0.16,b15,o-f<0.63
287,b16,0.18,b17,0.18,b16,0.18,lan,o-f<0.63
288,b16,0.18,trump,0.27,b16,0.18,trump,o-f<0.63
289,zj,0.23,zj,0.22,zj,0.23,zj,o-f<0.63
290,b17,0.2,b17,0.55,b17,0.2,b17,c = f<o
291,b12,0.33,b12,0.28,b12,0.33,b12,c = f>o
292,b16,0.27,b17,0.19,b16,0.27,b16,o-f<0.63
293,trump,0.24,trump,0.4,trump,0.24,trump,c = f<o
294,b15,0.4,b15,0.45,b15,0.4,b15,c= o-f>0.63
295,b13,0.29,b13,0.29,b13,0.29,b13,o-f<0.63
296,b13,0.24,b13,0.17,b13,0.24,b13,o-f<0.63
297,zj,0.3,zj,0.22,zj,0.3,zj,c = f>o
298,lan,0.3,lan,0.39,lan,0.3,lan,c= o-f>0.63
299,trump,0.37,trump,0.51,trump,0.37,trump,c= o-f>0.63
300,andy,0.15,b16,0.17,andy,0.15,andy,o-f<0.63
301,b12,0.33,b12,0.39,b12,0.33,b12,c= o-f>0.63
302,andy,0.43,b16,0.2,andy,0.43,andy,c = f>o
303,andy,0.17,b16,0.27,andy,0.17,b15,o-f<0.63
304,b13,0.33,b13,0.41,b13,0.33,b13,c= o-f>0.63
305,b16,0.46,b16,0.39,b16,0.46,b16,c= o-f>0.63
306,trump,0.33,trump,0.29,trump,0.33,trump,c = f>o
307,andy,0.21,b16,0.2,andy,0.21,zj,o-f<0.63
308,trump,0.34,trump,0.37,trump,0.34,trump,c= o-f>0.63
309,b15,0.33,b15,0.28,b15,0.33,b15,c = f>o
310,andy,0.4,andy,0.28,andy,0.4,andy,c = f>o
311,andy,0.26,lan,0.36,andy,0.26,lan,c = f<o
312,b16,0.52,b16,0.37,b16,0.52,b16,c= o-f>0.63
313,b11,0.36,b17,0.29,b11,0.36,b11,c = f>o
314,trump,0.34,trump,0.21,trump,0.34,trump,c = f>o
315,andy,0.4,andy,0.49,andy,0.4,andy,c= o-f>0.63
316,b15,0.24,b11,0.22,b15,0.24,b15,o-f<0.63
317,b12,0.18,b12,0.19,b12,0.18,b12,o-f<0.63
318,trump,0.28,trump,0.23,trump,0.28,trump,o-f<0.63
319,b13,0.36,b13,0.47,b13,0.36,b13,c= o-f>0.63
320,andy,0.39,b15,0.23,andy,0.39,andy,c = f>o
321,andy,0.22,andy,0.4,andy,0.22,lan,c = f<o
322,b16,0.57,b16,0.5,b16,0.57,b16,c= o-f>0.63
323,b11,0.38,b11,0.26,b11,0.38,b11,c = f>o
324,andy,0.32,andy,0.26,andy,0.32,andy,c = f>o
325,trump,0.32,trump,0.4,trump,0.32,trump,c= o-f>0.63
326,andy,0.43,lan,0.36,andy,0.43,andy,c not= o-f>0.63
327,b15,0.34,b15,0.44,b15,0.34,b15,c= o-f>0.63
328,andy,0.2,b16,0.16,andy,0.2,b15,o-f<0.63
329,b17,0.22,b17,0.27,b17,0.22,b17,o-f<0.63
330,b16,0.16,b17,0.23,b16,0.16,b12,o-f<0.63
331,b13,0.4,b13,0.48,b13,0.4,b13,c= o-f>0.63
332,b12,0.27,b12,0.21,b12,0.27,b12,o-f<0.63
333,andy,0.38,andy,0.42,andy,0.38,andy,c= o-f>0.63
334,lan,0.23,lan,0.29,lan,0.23,lan,o-f<0.63
335,b12,0.21,b17,0.18,b12,0.21,b12,o-f<0.63
336,b15,0.32,b15,0.3,b15,0.32,b15,c= o-f>0.63
337,b17,0.15,b17,0.37,b17,0.15,b17,c = f<o
338,b12,0.31,b12,0.35,b12,0.31,b12,c= o-f>0.63
339,b12,0.34,b12,0.33,b12,0.34,b12,c= o-f>0.63
340,b13,0.25,lan,0.16,b13,0.25,b13,o-f<0.63
341,lan,0.32,lan,0.44,lan,0.32,lan,c= o-f>0.63
342,b17,0.25,b17,0.44,b17,0.25,b17,c = f<o
343,zj,0.21,zj,0.32,zj,0.21,zj,c = f<o
344,b17,0.24,b17,0.39,b17,0.24,b17,c = f<o
345,b13,0.38,b13,0.48,b13,0.38,b13,c= o-f>0.63
346,zj,0.44,zj,0.45,zj,0.44,zj,c= o-f>0.63
347,b12,0.27,b12,0.36,b12,0.27,b12,c = f<o
348,b15,0.22,b17,0.19,b15,0.22,b15,o-f<0.63
349,andy,0.19,b16,0.18,andy,0.19,b15,o-f<0.63
350,andy,0.24,zj,0.29,andy,0.24,zj,o-f<0.63
351,b15,0.26,b16,0.21,b15,0.26,b15,o-f<0.63
352,b16,0.2,b11,0.3,b16,0.2,b11,c = f<o
353,andy,0.23,b15,0.19,andy,0.23,lan,o-f<0.63
354,trump,0.26,lan,0.24,trump,0.26,trump,o-f<0.63
355,b13,0.32,b13,0.25,b13,0.32,b13,c = f>o
356,b15,0.2,b15,0.27,b15,0.2,b15,o-f<0.63
357,zj,0.41,zj,0.4,zj,0.41,zj,c= o-f>0.63
358,b15,0.25,b16,0.2,b15,0.25,b15,o-f<0.63
359,b12,0.19,b17,0.24,b12,0.19,b12,o-f<0.63
360,trump,0.28,trump,0.31,trump,0.28,trump,c = f<o
361,trump,0.18,b12,0.22,trump,0.18,b12,o-f<0.63
362,b12,0.29,b12,0.31,b12,0.29,b12,c = f<o
363,b17,0.27,b17,0.34,b17,0.27,b17,c = f<o
364,andy,0.26,lan,0.3,andy,0.26,lan,c = f<o
365,zj,0.46,zj,0.47,zj,0.46,zj,c= o-f>0.63
366,andy,0.2,b12,0.15,andy,0.2,zj,o-f<0.63
367,b13,0.17,b13,0.26,b13,0.17,b13,o-f<0.63
368,zj,0.37,zj,0.42,zj,0.37,zj,c= o-f>0.63
369,b17,0.22,b17,0.34,b17,0.22,b17,c = f<o
370,trump,0.37,b16,0.25,trump,0.37,trump,c = f>o
371,b12,0.26,b12,0.34,b12,0.26,b12,c = f<o
372,andy,0.42,andy,0.39,andy,0.42,andy,c= o-f>0.63
373,zj,0.4,zj,0.36,zj,0.4,zj,c= o-f>0.63
374,b15,0.34,trump,0.22,b15,0.34,b15,c = f>o
375,b12,0.25,b12,0.31,b12,0.25,b12,c = f<o
376,lan,0.35,lan,0.47,lan,0.35,lan,c= o-f>0.63
377,b16,0.19,b16,0.19,b16,0.19,b15,o-f<0.63
378,andy,0.41,andy,0.61,andy,0.41,andy,c= o-f>0.63
379,andy,0.39,lan,0.23,andy,0.39,andy,c = f>o
380,andy,0.22,zj,0.35,andy,0.22,b13,c = f<o
381,trump,0.25,trump,0.36,trump,0.25,trump,c = f<o
382,lan,0.31,lan,0.33,lan,0.31,lan,c= o-f>0.63
383,b12,0.25,b12,0.24,b12,0.25,b12,o-f<0.63
384,b12,0.28,b12,0.35,b12,0.28,b12,c = f<o
385,b15,0.3,b15,0.35,b15,0.3,b15,c= o-f>0.63
386,b17,0.26,b17,0.48,b17,0.26,b17,c = f<o
387,b16,0.19,b17,0.21,b16,0.19,b12,o-f<0.63
388,lan,0.3,lan,0.51,lan,0.3,lan,c= o-f>0.63
389,trump,0.37,b16,0.22,trump,0.37,trump,c = f>o
390,zj,0.3,zj,0.48,zj,0.3,zj,c= o-f>0.63
391,b15,0.37,b15,0.41,b15,0.37,b15,c= o-f>0.63
392,lan,0.35,lan,0.38,lan,0.35,lan,c= o-f>0.63
393,b17,0.28,b17,0.5,b17,0.28,b17,c = f<o
394,b16,0.53,b16,0.37,b16,0.53,b16,c= o-f>0.63
395,b11,0.32,b11,0.3,b11,0.32,b11,c= o-f>0.63
396,zj,0.37,zj,0.38,zj,0.37,zj,c= o-f>0.63
397,trump,0.35,trump,0.39,trump,0.35,trump,c= o-f>0.63
398,b16,0.25,b16,0.2,b16,0.25,b12,o-f<0.63
399,zj,0.38,zj,0.42,zj,0.38,zj,c= o-f>0.63
400,andy,0.3,lan,0.17,andy,0.3,andy,c = f>o
401,trump,0.3,trump,0.37,trump,0.3,trump,c= o-f>0.63
402,b12,0.32,b12,0.37,b12,0.32,b12,c= o-f>0.63
403,b11,0.21,b17,0.32,b11,0.21,b11,c = f<o
404,lan,0.39,lan,0.39,lan,0.39,lan,c= o-f>0.63
405,andy,0.38,b17,0.36,andy,0.38,andy,c not= o-f>0.63
406,lan,0.39,lan,0.41,lan,0.39,lan,c= o-f>0.63
407,trump,0.29,trump,0.33,trump,0.29,trump,c = f<o
408,b16,0.36,b16,0.3,b16,0.36,b16,c= o-f>0.63
409,b16,0.56,b16,0.43,b16,0.56,b16,c= o-f>0.63
410,b15,0.3,b16,0.29,b15,0.3,b15,c = f>o
411,b15,0.29,b15,0.22,b15,0.29,b15,o-f<0.63
412,b13,0.33,b13,0.18,b13,0.33,b13,c = f>o
413,b15,0.31,b15,0.42,b15,0.31,b15,c= o-f>0.63
414,b16,0.41,b16,0.3,b16,0.41,b16,c= o-f>0.63
415,trump,0.31,trump,0.45,trump,0.31,trump,c= o-f>0.63
416,b11,0.4,b11,0.29,b11,0.4,b11,c = f>o
417,b11,0.37,b17,0.28,b11,0.37,b11,c = f>o
418,b11,0.43,b11,0.44,b11,0.43,b11,c= o-f>0.63
419,b12,0.32,b12,0.4,b12,0.32,b12,c= o-f>0.63
420,zj,0.42,zj,0.33,zj,0.42,zj,c= o-f>0.63
421,b16,0.19,trump,0.34,b16,0.19,trump,c = f<o
422,b12,0.22,b12,0.26,b12,0.22,b12,o-f<0.63
423,b15,0.16,b17,0.19,b15,0.16,b15,o-f<0.63
424,zj,0.41,zj,0.35,zj,0.41,zj,c= o-f>0.63
425,lan,0.32,lan,0.24,lan,0.32,lan,c = f>o
426,b11,0.39,b11,0.35,b11,0.39,b11,c= o-f>0.63
427,b17,0.32,b17,0.47,b17,0.32,b17,c= o-f>0.63
428,b11,0.36,b11,0.36,b11,0.36,b11,c= o-f>0.63
429,trump,0.39,trump,0.34,trump,0.39,trump,c= o-f>0.63
430,b17,0.22,b17,0.45,b17,0.22,b17,c = f<o
431,trump,0.42,trump,0.46,trump,0.42,trump,c= o-f>0.63
432,b16,0.34,b16,0.24,b16,0.34,b16,c = f>o
433,b11,0.45,b11,0.42,b11,0.45,b11,c= o-f>0.63
434,b15,0.25,b15,0.42,b15,0.25,b15,c = f<o
435,trump,0.31,trump,0.26,trump,0.31,trump,c = f>o
436,b13,0.37,b13,0.47,b13,0.37,b13,c= o-f>0.63
437,b13,0.27,b16,0.2,b13,0.27,b13,o-f<0.63
438,andy,0.39,andy,0.41,andy,0.39,andy,c= o-f>0.63
439,b11,0.29,b15,0.24,b11,0.29,b11,o-f<0.63
440,zj,0.33,zj,0.25,zj,0.33,zj,c = f>o
441,b16,0.36,b16,0.24,b16,0.36,b16,c = f>o
442,trump,0.32,trump,0.4,trump,0.32,trump,c= o-f>0.63
443,b16,0.18,lan,0.19,b16,0.18,trump,o-f<0.63
444,b13,0.38,b13,0.44,b13,0.38,b13,c= o-f>0.63
445,zj,0.43,zj,0.45,zj,0.43,zj,c= o-f>0.63
446,b17,0.18,b17,0.55,b17,0.18,b17,c = f<o
447,andy,0.32,andy,0.43,andy,0.32,andy,c= o-f>0.63
448,zj,0.37,zj,0.51,zj,0.37,zj,c= o-f>0.63
449,b17,0.22,b12,0.17,b17,0.22,b17,o-f<0.63
450,b12,0.25,b12,0.35,b12,0.25,b12,c = f<o
451,lan,0.19,b16,0.21,lan,0.19,lan,o-f<0.63
452,b16,0.18,b17,0.3,b16,0.18,b17,c = f<o
453,zj,0.39,zj,0.32,zj,0.39,zj,c= o-f>0.63
454,b13,0.21,b13,0.21,b13,0.21,b13,o-f<0.63
455,b17,0.18,b17,0.34,b17,0.18,b17,c = f<o
456,lan,0.35,lan,0.31,lan,0.35,lan,c= o-f>0.63
457,b16,0.4,b16,0.31,b16,0.4,b16,c= o-f>0.63
458,b16,0.47,b16,0.36,b16,0.47,b16,c= o-f>0.63
459,b13,0.28,b12,0.19,b13,0.28,b13,o-f<0.63
460,b11,0.31,b17,0.28,b11,0.31,b11,c = f>o
461,b13,0.31,b13,0.39,b13,0.31,b13,c= o-f>0.63
462,trump,0.29,trump,0.36,trump,0.29,trump,c = f<o
463,andy,0.34,lan,0.26,andy,0.34,andy,c = f>o
464,b11,0.41,b11,0.38,b11,0.41,b11,c= o-f>0.63
465,b12,0.29,b12,0.25,b12,0.29,b12,o-f<0.63
466,zj,0.4,zj,0.37,zj,0.4,zj,c= o-f>0.63
467,b11,0.29,b17,0.29,b11,0.29,b11,o-f<0.63
468,zj,0.27,zj,0.51,zj,0.27,zj,c = f<o
469,b16,0.56,b16,0.4,b16,0.56,b16,c= o-f>0.63
470,trump,0.33,trump,0.45,trump,0.33,trump,c= o-f>0.63
471,b12,0.17,b17,0.24,b12,0.17,b12,o-f<0.63
472,b17,0.3,b17,0.45,b17,0.3,b17,c= o-f>0.63
473,b12,0.16,b17,0.26,b12,0.16,b17,o-f<0.63
474,b12,0.28,b12,0.32,b12,0.28,b12,c = f<o
475,lan,0.37,b15,0.19,lan,0.37,lan,c = f>o
476,b11,0.41,b11,0.35,b11,0.41,b11,c= o-f>0.63
477,andy,0.17,b17,0.18,andy,0.17,b15,o-f<0.63
478,b17,0.25,b17,0.47,b17,0.25,b17,c = f<o
479,b16,0.52,b16,0.34,b16,0.52,b16,c= o-f>0.63
480,andy,0.19,b16,0.33,andy,0.19,b13,c = f<o
481,trump,0.25,trump,0.35,trump,0.25,trump,c = f<o
482,trump,0.34,trump,0.27,trump,0.34,trump,c = f>o
483,b12,0.2,b17,0.3,b12,0.2,b12,c = f<o
484,b11,0.39,b11,0.4,b11,0.39,b11,c= o-f>0.63
485,andy,0.34,andy,0.55,andy,0.34,andy,c= o-f>0.63
486,b17,0.34,b17,0.49,b17,0.34,b17,c= o-f>0.63
487,zj,0.49,zj,0.45,zj,0.49,zj,c= o-f>0.63
488,b13,0.36,b13,0.46,b13,0.36,b13,c= o-f>0.63
489,b16,0.38,b16,0.18,b16,0.38,b16,c = f>o
490,b13,0.31,lan,0.18,b13,0.31,b13,c = f>o
491,lan,0.29,lan,0.51,lan,0.29,lan,c = f<o
492,zj,0.37,b16,0.18,zj,0.37,zj,c = f>o
493,b11,0.39,b11,0.42,b11,0.39,b11,c= o-f>0.63
494,b15,0.34,b16,0.21,b15,0.34,b15,c = f>o
495,andy,0.41,andy,0.24,andy,0.41,andy,c = f>o
496,lan,0.36,lan,0.47,lan,0.36,lan,c= o-f>0.63
497,b16,0.57,b16,0.44,b16,0.57,b16,c= o-f>0.63
498,b16,0.51,b16,0.38,b16,0.51,b16,c= o-f>0.63
499,b12,0.23,b12,0.18,b12,0.23,b12,o-f<0.63
500,b16,0.56,b16,0.52,b16,0.56,b16,c= o-f>0.63
501,b13,0.34,b13,0.49,b13,0.34,b13,c= o-f>0.63
502,b13,0.31,b13,0.34,b13,0.31,b13,c= o-f>0.63
503,trump,0.35,trump,0.33,trump,0.35,trump,c= o-f>0.63
504,zj,0.37,zj,0.28,zj,0.37,zj,c = f>o
505,b13,0.38,b13,0.42,b13,0.38,b13,c= o-f>0.63
506,b16,0.2,b16,0.25,b16,0.2,b15,o-f<0.63
507,b17,0.29,b17,0.49,b17,0.29,b17,c = f<o
508,b15,0.25,b16,0.19,b15,0.25,b15,o-f<0.63
509,trump,0.29,trump,0.38,trump,0.29,trump,c = f<o
510,b12,0.31,b12,0.21,b12,0.31,b12,c = f>o
511,b17,0.24,b17,0.4,b17,0.24,b17,c = f<o
512,b16,0.15,b13,0.23,b16,0.15,b13,o-f<0.63
513,andy,0.19,b15,0.21,andy,0.19,lan,o-f<0.63
514,zj,0.31,zj,0.37,zj,0.31,zj,c= o-f>0.63
515,b16,0.19,b17,0.18,b16,0.19,b12,o-f<0.63
516,b15,0.23,b17,0.2,b15,0.23,b15,o-f<0.63
517,lan,0.33,lan,0.34,lan,0.33,lan,c= o-f>0.63
518,andy,0.32,b13,0.29,andy,0.32,andy,c = f>o
519,b13,0.3,b12,0.2,b13,0.3,b13,c = f>o
520,trump,0.29,trump,0.44,trump,0.29,trump,c = f<o
521,b15,0.29,b15,0.34,b15,0.29,b15,c = f<o
522,b11,0.42,b11,0.4,b11,0.42,b11,c= o-f>0.63
523,trump,0.4,trump,0.45,trump,0.4,trump,c= o-f>0.63
524,b13,0.39,b13,0.46,b13,0.39,b13,c= o-f>0.63
525,b16,0.31,b16,0.16,b16,0.31,b16,c = f>o
526,b16,0.5,b16,0.44,b16,0.5,b16,c= o-f>0.63
527,zj,0.29,zj,0.37,zj,0.29,zj,c = f<o
528,andy,0.17,b11,0.23,andy,0.17,b15,o-f<0.63
529,b13,0.33,andy,0.16,b13,0.33,b13,c = f>o
530,andy,0.25,lan,0.29,andy,0.25,lan,o-f<0.63
531,b17,0.28,b17,0.49,b17,0.28,b17,c = f<o
532,andy,0.45,lan,0.24,andy,0.45,andy,c = f>o
533,zj,0.28,b15,0.23,zj,0.28,zj,o-f<0.63
534,b15,0.34,b15,0.24,b15,0.34,b15,c = f>o
535,trump,0.3,trump,0.29,trump,0.3,trump,c = f>o
536,b11,0.39,b11,0.26,b11,0.39,b11,c = f>o
537,b15,0.41,b15,0.47,b15,0.41,b15,c= o-f>0.63
538,lan,0.26,lan,0.52,lan,0.26,lan,c = f<o
539,b15,0.39,b15,0.4,b15,0.39,b15,c= o-f>0.63
540,andy,0.24,lan,0.32,andy,0.24,lan,c = f<o
541,b17,0.2,b17,0.24,b17,0.2,b17,o-f<0.63
542,trump,0.34,b15,0.22,trump,0.34,trump,c = f>o
543,trump,0.34,trump,0.43,trump,0.34,trump,c= o-f>0.63
544,b13,0.28,zj,0.21,b13,0.28,b13,o-f<0.63
545,andy,0.37,b16,0.23,andy,0.37,andy,c = f>o
546,b16,0.58,b16,0.53,b16,0.58,b16,c= o-f>0.63
547,zj,0.44,zj,0.34,zj,0.44,zj,c= o-f>0.63
548,zj,0.34,zj,0.42,zj,0.34,zj,c= o-f>0.63
549,b15,0.3,b15,0.39,b15,0.3,b15,c= o-f>0.63
550,b11,0.37,b11,0.41,b11,0.37,b11,c= o-f>0.63
551,b11,0.35,b11,0.28,b11,0.35,b11,c = f>o
552,andy,0.34,b17,0.18,andy,0.34,andy,c = f>o
553,zj,0.44,zj,0.45,zj,0.44,zj,c= o-f>0.63
554,b16,0.49,b16,0.3,b16,0.49,b16,c= o-f>0.63
555,b11,0.32,b16,0.21,b11,0.32,b11,c = f>o
556,b12,0.23,b12,0.29,b12,0.23,b12,o-f<0.63
557,b15,0.26,lan,0.18,b15,0.26,b15,o-f<0.63
558,trump,0.36,trump,0.22,trump,0.36,trump,c = f>o
559,b17,0.27,b17,0.24,b17,0.27,b17,o-f<0.63
560,b11,0.36,b11,0.34,b11,0.36,b11,c= o-f>0.63
561,trump,0.36,trump,0.27,trump,0.36,trump,c = f>o
562,b13,0.39,b13,0.46,b13,0.39,b13,c= o-f>0.63
563,b11,0.35,b11,0.35,b11,0.35,b11,c= o-f>0.63
564,b16,0.18,b17,0.2,b16,0.18,b16,o-f<0.63
565,b13,0.34,b13,0.48,b13,0.34,b13,c= o-f>0.63
566,b12,0.34,b12,0.35,b12,0.34,b12,c= o-f>0.63
567,zj,0.42,zj,0.39,zj,0.42,zj,c= o-f>0.63
568,b12,0.31,b12,0.35,b12,0.31,b12,c= o-f>0.63
569,lan,0.19,lan,0.34,lan,0.19,lan,c = f<o
570,b17,0.31,b17,0.49,b17,0.31,b17,c= o-f>0.63
571,b13,0.35,b13,0.48,b13,0.35,b13,c= o-f>0.63
572,b17,0.23,b17,0.22,b17,0.23,b17,o-f<0.63
573,b16,0.56,b16,0.32,b16,0.56,b16,c= o-f>0.63
574,zj,0.44,zj,0.46,zj,0.44,zj,c= o-f>0.63
575,zj,0.39,b15,0.2,zj,0.39,zj,c = f>o
576,b12,0.34,b12,0.38,b12,0.34,b12,c= o-f>0.63
577,trump,0.38,trump,0.23,trump,0.38,trump,c = f>o
578,b15,0.36,b15,0.43,b15,0.36,b15,c= o-f>0.63
579,b12,0.28,b12,0.3,b12,0.28,b12,c = f<o
580,andy,0.36,andy,0.35,andy,0.36,andy,c= o-f>0.63
581,b13,0.32,b13,0.44,b13,0.32,b13,c= o-f>0.63
582,trump,0.42,trump,0.37,trump,0.42,trump,c= o-f>0.63
583,lan,0.21,lan,0.42,lan,0.21,lan,c = f<o
584,b11,0.39,b11,0.41,b11,0.39,b11,c= o-f>0.63
585,b11,0.3,b16,0.19,b11,0.3,b11,c = f>o
586,zj,0.25,zj,0.47,zj,0.25,zj,c = f<o
587,zj,0.41,zj,0.44,zj,0.41,zj,c= o-f>0.63
588,andy,0.37,lan,0.21,andy,0.37,andy,c = f>o
589,b17,0.27,b17,0.26,b17,0.27,b17,o-f<0.63
590,b11,0.43,b11,0.4,b11,0.43,b11,c= o-f>0.63
591,b15,0.32,b15,0.42,b15,0.32,b15,c= o-f>0.63
592,b16,0.24,b15,0.21,b16,0.24,b15,o-f<0.63
593,b13,0.35,b13,0.48,b13,0.35,b13,c= o-f>0.63
594,b16,0.26,b17,0.27,b16,0.26,b17,o-f<0.63
595,trump,0.31,trump,0.44,trump,0.31,trump,c= o-f>0.63
596,trump,0.35,trump,0.38,trump,0.35,trump,c= o-f>0.63
597,b17,0.27,b17,0.56,b17,0.27,b17,c = f<o
598,trump,0.35,trump,0.39,trump,0.35,trump,c= o-f>0.63
599,trump,0.34,trump,0.38,trump,0.34,trump,c= o-f>0.63
600,andy,0.39,andy,0.49,andy,0.39,andy,c= o-f>0.63
601,andy,0.43,andy,0.5,andy,0.43,andy,c= o-f>0.63
602,b17,0.27,b17,0.4,b17,0.27,b17,c = f<o
603,lan,0.26,b17,0.31,lan,0.26,lan,c = f<o
604,zj,0.43,zj,0.41,zj,0.43,zj,c= o-f>0.63
605,zj,0.41,zj,0.48,zj,0.41,zj,c= o-f>0.63
606,andy,0.42,andy,0.49,andy,0.42,andy,c= o-f>0.63
607,b13,0.42,b13,0.46,b13,0.42,b13,c= o-f>0.63
608,andy,0.41,andy,0.28,andy,0.41,andy,c = f>o
609,andy,0.43,andy,0.37,andy,0.43,andy,c= o-f>0.63
610,b17,0.24,b17,0.41,b17,0.24,b17,c = f<o
611,lan,0.16,lan,0.58,lan,0.16,lan,c = f<o
612,andy,0.25,b17,0.22,andy,0.25,b11,o-f<0.63
613,b16,0.49,b17,0.25,b16,0.49,b16,c = f>o
614,andy,0.37,andy,0.48,andy,0.37,andy,c= o-f>0.63
615,andy,0.37,andy,0.41,andy,0.37,andy,c= o-f>0.63
616,b11,0.37,b11,0.42,b11,0.37,b11,c= o-f>0.63
617,b16,0.56,b16,0.49,b16,0.56,b16,c= o-f>0.63
618,zj,0.36,zj,0.31,zj,0.36,zj,c= o-f>0.63
619,zj,0.27,zj,0.44,zj,0.27,zj,c = f<o
620,b15,0.2,b15,0.25,b15,0.2,b15,o-f<0.63
621,b12,0.29,b12,0.37,b12,0.29,b12,c = f<o
622,zj,0.36,b15,0.28,zj,0.36,zj,c = f>o
623,b11,0.4,b11,0.34,b11,0.4,b11,c= o-f>0.63
624,andy,0.42,trump,0.16,andy,0.42,andy,c = f>o
625,b11,0.27,b17,0.27,b11,0.27,b11,o-f<0.63
626,b15,0.33,b15,0.43,b15,0.33,b15,c= o-f>0.63
627,lan,0.44,lan,0.31,lan,0.44,lan,c= o-f>0.63
628,b11,0.29,b17,0.3,b11,0.29,b11,c = f<o
629,b16,0.54,b16,0.27,b16,0.54,b16,c = f>o
630,b11,0.42,b11,0.35,b11,0.42,b11,c= o-f>0.63
631,b13,0.37,b13,0.4,b13,0.37,b13,c= o-f>0.63
632,b17,0.33,b17,0.53,b17,0.33,b17,c= o-f>0.63
633,b16,0.41,b16,0.32,b16,0.41,b16,c= o-f>0.63
634,b16,0.56,b16,0.42,b16,0.56,b16,c= o-f>0.63
635,zj,0.4,zj,0.27,zj,0.4,zj,c = f>o
636,b12,0.27,b17,0.19,b12,0.27,b12,o-f<0.63
637,b16,0.36,b16,0.23,b16,0.36,b16,c = f>o
638,b13,0.31,b13,0.49,b13,0.31,b13,c= o-f>0.63
639,b16,0.36,b16,0.48,b16,0.36,b16,c= o-f>0.63
640,b12,0.33,b12,0.21,b12,0.33,b12,c = f>o
641,b15,0.25,b15,0.33,b15,0.25,b15,c = f<o
642,b11,0.39,b11,0.35,b11,0.39,b11,c= o-f>0.63
643,b17,0.17,b16,0.2,b17,0.17,b12,o-f<0.63
644,andy,0.17,b16,0.19,andy,0.17,b17,o-f<0.63
645,b17,0.32,b17,0.48,b17,0.32,b17,c= o-f>0.63
646,b15,0.37,b15,0.36,b15,0.37,b15,c= o-f>0.63
647,b17,0.23,b17,0.33,b17,0.23,b17,c = f<o
648,b15,0.2,b17,0.22,b15,0.2,b15,o-f<0.63
649,b15,0.33,b15,0.37,b15,0.33,b15,c= o-f>0.63
650,b16,0.5,b16,0.4,b16,0.5,b16,c= o-f>0.63
651,b17,0.29,b17,0.45,b17,0.29,b17,c = f<o
652,b15,0.3,b15,0.4,b15,0.3,b15,c= o-f>0.63
653,trump,0.37,trump,0.46,trump,0.37,trump,c= o-f>0.63
654,b13,0.36,b13,0.41,b13,0.36,b13,c= o-f>0.63
655,trump,0.35,trump,0.41,trump,0.35,trump,c= o-f>0.63
656,zj,0.41,zj,0.46,zj,0.41,zj,c= o-f>0.63
657,zj,0.47,zj,0.47,zj,0.47,zj,c= o-f>0.63
658,b17,0.27,b17,0.55,b17,0.27,b17,c = f<o
659,zj,0.29,b13,0.31,zj,0.29,zj,c = f<o
660,trump,0.28,trump,0.38,trump,0.28,trump,c = f<o
661,b11,0.3,b11,0.2,b11,0.3,b11,c = f>o
662,b11,0.42,b11,0.43,b11,0.42,b11,c= o-f>0.63
663,andy,0.41,andy,0.55,andy,0.41,andy,c= o-f>0.63
664,b11,0.31,b11,0.22,b11,0.31,b11,c = f>o
665,b13,0.38,b15,0.17,b13,0.38,b13,c = f>o
666,b17,0.27,b17,0.37,b17,0.27,b17,c = f<o
667,b12,0.22,b16,0.21,b12,0.22,b12,o-f<0.63
668,trump,0.25,trump,0.26,trump,0.25,trump,o-f<0.63
669,b13,0.39,b13,0.49,b13,0.39,b13,c= o-f>0.63
670,trump,0.33,trump,0.43,trump,0.33,trump,c= o-f>0.63
671,b17,0.19,b17,0.27,b17,0.19,b17,o-f<0.63
672,b13,0.33,b13,0.47,b13,0.33,b13,c= o-f>0.63
673,b17,0.28,b17,0.49,b17,0.28,b17,c = f<o
674,andy,0.42,b17,0.24,andy,0.42,andy,c = f>o
675,lan,0.31,lan,0.4,lan,0.31,lan,c= o-f>0.63
676,lan,0.28,lan,0.38,lan,0.28,lan,c = f<o
677,b15,0.19,b15,0.21,b15,0.19,b15,o-f<0.63
678,trump,0.35,trump,0.49,trump,0.35,trump,c= o-f>0.63
679,b15,0.35,b15,0.41,b15,0.35,b15,c= o-f>0.63
680,b17,0.18,b12,0.17,b17,0.18,b17,o-f<0.63
681,b17,0.3,b17,0.41,b17,0.3,b17,c= o-f>0.63
682,b11,0.25,b11,0.31,b11,0.25,b11,c = f<o
683,zj,0.4,zj,0.4,zj,0.4,zj,c= o-f>0.63
684,andy,0.18,b12,0.17,andy,0.18,b13,o-f<0.63
685,b16,0.6,b16,0.54,b16,0.6,b16,c= o-f>0.63
686,zj,0.44,zj,0.43,zj,0.44,zj,c= o-f>0.63
687,b11,0.35,b11,0.34,b11,0.35,b11,c= o-f>0.63
688,b16,0.18,b17,0.31,b16,0.18,b12,c = f<o
689,b16,0.18,b17,0.31,b16,0.18,b17,c = f<o
690,b12,0.18,b17,0.2,b12,0.18,b12,o-f<0.63
691,lan,0.24,zj,0.18,lan,0.24,zj,o-f<0.63
692,b13,0.29,b13,0.35,b13,0.29,b13,c = f<o
693,lan,0.36,lan,0.28,lan,0.36,lan,c = f>o
694,zj,0.44,zj,0.38,zj,0.44,zj,c= o-f>0.63
695,b16,0.59,b16,0.51,b16,0.59,b16,c= o-f>0.63
696,b16,0.13,b12,0.2,b16,0.13,b17,o-f<0.63
697,b15,0.27,b16,0.25,b15,0.27,b15,o-f<0.63
698,b16,0.29,b16,0.29,b16,0.29,b16,o-f<0.63
699,b12,0.28,b12,0.32,b12,0.28,b12,c = f<o
700,b11,0.18,b17,0.28,b11,0.18,b12,o-f<0.63
701,b15,0.17,b15,0.2,b15,0.17,b15,o-f<0.63
702,b13,0.27,b13,0.27,b13,0.27,b13,o-f<0.63
703,b12,0.34,b12,0.35,b12,0.34,b12,c= o-f>0.63
704,zj,0.31,lan,0.19,zj,0.31,zj,c = f>o
705,trump,0.36,trump,0.47,trump,0.36,trump,c= o-f>0.63
706,b16,0.61,b16,0.53,b16,0.61,b16,c= o-f>0.63
707,b13,0.15,b13,0.26,b13,0.15,b13,o-f<0.63
708,trump,0.32,trump,0.39,trump,0.32,trump,c= o-f>0.63
709,b13,0.36,b13,0.45,b13,0.36,b13,c= o-f>0.63
710,b13,0.38,b13,0.45,b13,0.38,b13,c= o-f>0.63
711,b11,0.39,b11,0.41,b11,0.39,b11,c= o-f>0.63
712,trump,0.36,trump,0.38,trump,0.36,trump,c= o-f>0.63
713,b15,0.22,b17,0.23,b15,0.22,b15,o-f<0.63
714,andy,0.16,b17,0.29,andy,0.16,b12,o-f<0.63
715,b17,0.34,b17,0.55,b17,0.34,b17,c= o-f>0.63
716,b11,0.16,zj,0.24,b11,0.16,b17,o-f<0.63
717,b17,0.15,b17,0.37,b17,0.15,b17,c = f<o
718,andy,0.42,lan,0.17,andy,0.42,andy,c = f>o
719,b12,0.21,b16,0.25,b12,0.21,b12,o-f<0.63
720,trump,0.42,trump,0.41,trump,0.42,trump,c= o-f>0.63
721,b16,0.56,b16,0.51,b16,0.56,b16,c= o-f>0.63
722,b16,0.54,b16,0.51,b16,0.54,b16,c= o-f>0.63
723,b15,0.34,b15,0.27,b15,0.34,b15,c = f>o
724,lan,0.18,lan,0.35,lan,0.18,lan,c = f<o
725,andy,0.34,andy,0.29,andy,0.34,andy,c = f>o
726,b12,0.31,b12,0.35,b12,0.31,b12,c= o-f>0.63
727,b12,0.32,b12,0.33,b12,0.32,b12,c= o-f>0.63
728,b16,0.57,b16,0.48,b16,0.57,b16,c= o-f>0.63
729,b12,0.26,b12,0.32,b12,0.26,b12,c = f<o
730,b12,0.31,b12,0.24,b12,0.31,b12,c = f>o
731,trump,0.28,trump,0.4,trump,0.28,trump,c = f<o
732,b17,0.3,b17,0.48,b17,0.3,b17,c= o-f>0.63
733,trump,0.25,trump,0.39,trump,0.25,trump,c = f<o
734,lan,0.3,lan,0.43,lan,0.3,lan,c= o-f>0.63
735,b16,0.45,b16,0.47,b16,0.45,b16,c= o-f>0.63
736,lan,0.28,lan,0.3,lan,0.28,lan,c = f<o
737,trump,0.32,trump,0.34,trump,0.32,trump,c= o-f>0.63
738,b15,0.23,b16,0.25,b15,0.23,b15,o-f<0.63
739,b16,0.4,b16,0.37,b16,0.4,b16,c= o-f>0.63
740,andy,0.24,andy,0.33,andy,0.24,lan,c = f<o
741,zj,0.45,zj,0.3,zj,0.45,zj,c= o-f>0.63
742,lan,0.32,lan,0.32,lan,0.32,lan,c= o-f>0.63
743,b16,0.48,b16,0.37,b16,0.48,b16,c= o-f>0.63
744,trump,0.34,trump,0.32,trump,0.34,trump,c= o-f>0.63
745,b16,0.47,b16,0.27,b16,0.47,b16,c = f>o
746,b11,0.27,b17,0.32,b11,0.27,b11,c = f<o
747,b17,0.27,b17,0.34,b17,0.27,b17,c = f<o
748,b16,0.3,b16,0.28,b16,0.3,b16,c = f>o
749,b15,0.37,b15,0.43,b15,0.37,b15,c= o-f>0.63
750,b12,0.32,b12,0.36,b12,0.32,b12,c= o-f>0.63
751,b11,0.37,b11,0.39,b11,0.37,b11,c= o-f>0.63
752,lan,0.29,lan,0.55,lan,0.29,lan,c = f<o
753,andy,0.46,andy,0.49,andy,0.46,andy,c= o-f>0.63
754,b13,0.37,b13,0.48,b13,0.37,b13,c= o-f>0.63
755,b16,0.36,b17,0.27,b16,0.36,b16,c = f>o
756,b12,0.29,b12,0.31,b12,0.29,b12,c = f<o
757,b16,0.45,b16,0.49,b16,0.45,b16,c= o-f>0.63
758,b16,0.59,b16,0.46,b16,0.59,b16,c= o-f>0.63
759,b12,0.2,b17,0.26,b12,0.2,b12,o-f<0.63
760,b16,0.42,b16,0.28,b16,0.42,b16,c = f>o
761,b17,0.33,b17,0.51,b17,0.33,b17,c= o-f>0.63
762,b12,0.17,b12,0.2,b12,0.17,b12,o-f<0.63
763,b16,0.58,b16,0.48,b16,0.58,b16,c= o-f>0.63
764,b13,0.4,b13,0.48,b13,0.4,b13,c= o-f>0.63
765,lan,0.23,lan,0.28,lan,0.23,lan,o-f<0.63
766,lan,0.2,zj,0.26,lan,0.2,lan,o-f<0.63
767,b13,0.34,b13,0.47,b13,0.34,b13,c= o-f>0.63
768,b16,0.56,b16,0.51,b16,0.56,b16,c= o-f>0.63
769,lan,0.26,lan,0.33,lan,0.26,lan,c = f<o
770,b11,0.17,b17,0.23,b11,0.17,b17,o-f<0.63
771,b16,0.47,b16,0.36,b16,0.47,b16,c= o-f>0.63
772,b11,0.36,b11,0.31,b11,0.36,b11,c= o-f>0.63
773,b15,0.35,b15,0.32,b15,0.35,b15,c= o-f>0.63
774,b15,0.23,b15,0.25,b15,0.23,b15,o-f<0.63
775,trump,0.19,trump,0.39,trump,0.19,trump,c = f<o
776,zj,0.4,zj,0.24,zj,0.4,zj,c = f>o
777,andy,0.19,zj,0.2,andy,0.19,andy,o-f<0.63
778,zj,0.45,zj,0.41,zj,0.45,zj,c= o-f>0.63
779,b15,0.28,b17,0.18,b15,0.28,b15,o-f<0.63
780,zj,0.2,zj,0.34,zj,0.2,zj,c = f<o
781,b17,0.29,b17,0.53,b17,0.29,b17,c = f<o
782,trump,0.35,trump,0.37,trump,0.35,trump,c= o-f>0.63
783,b12,0.29,b12,0.2,b12,0.29,b12,o-f<0.63
784,b12,0.33,b12,0.4,b12,0.33,b12,c= o-f>0.63
785,zj,0.41,zj,0.38,zj,0.41,zj,c= o-f>0.63
786,b16,0.21,b17,0.18,b16,0.21,b15,o-f<0.63
787,b16,0.42,b16,0.48,b16,0.42,b16,c= o-f>0.63
788,zj,0.33,zj,0.22,zj,0.33,zj,c = f>o
789,b16,0.57,b16,0.5,b16,0.57,b16,c= o-f>0.63
790,lan,0.37,andy,0.3,lan,0.37,lan,c not= o-f>0.63
791,b17,0.18,b17,0.38,b17,0.18,b17,c = f<o
792,b11,0.36,b16,0.24,b11,0.36,b11,c = f>o
793,b15,0.25,b15,0.25,b15,0.25,b15,o-f<0.63
794,andy,0.24,lan,0.2,andy,0.24,b13,o-f<0.63
795,zj,0.34,zj,0.24,zj,0.34,zj,c = f>o
796,b11,0.27,b11,0.24,b11,0.27,b11,o-f<0.63
797,zj,0.44,zj,0.37,zj,0.44,zj,c= o-f>0.63
798,andy,0.38,b16,0.17,andy,0.38,andy,c = f>o
799,b17,0.21,b17,0.47,b17,0.21,b17,c = f<o
800,b16,0.55,b16,0.51,b16,0.55,b16,c= o-f>0.63
801,b12,0.25,b12,0.29,b12,0.25,b12,o-f<0.63
802,b11,0.42,b11,0.42,b11,0.42,b11,c= o-f>0.63
803,andy,0.44,andy,0.63,andy,0.44,andy,c= o-f>0.63
804,trump,0.31,trump,0.43,trump,0.31,trump,c= o-f>0.63
805,b16,0.17,trump,0.31,b16,0.17,trump,c = f<o
806,b11,0.4,b11,0.4,b11,0.4,b11,c= o-f>0.63
807,b17,0.21,b17,0.42,b17,0.21,b17,c = f<o
808,trump,0.45,trump,0.49,trump,0.45,trump,c= o-f>0.63
809,lan,0.36,lan,0.51,lan,0.36,lan,c= o-f>0.63
810,trump,0.28,trump,0.35,trump,0.28,trump,c = f<o
811,b16,0.44,b16,0.23,b16,0.44,b16,c = f>o
812,b12,0.3,b12,0.37,b12,0.3,b12,c= o-f>0.63
813,lan,0.26,b17,0.24,lan,0.26,lan,o-f<0.63
814,b15,0.29,b15,0.46,b15,0.29,b15,c = f<o
815,lan,0.33,lan,0.27,lan,0.33,lan,c = f>o
816,b16,0.53,b16,0.33,b16,0.53,b16,c= o-f>0.63
817,andy,0.33,andy,0.27,andy,0.33,andy,c = f>o
818,b12,0.27,b12,0.37,b12,0.27,b12,c = f<o
819,b15,0.36,b15,0.42,b15,0.36,b15,c= o-f>0.63
820,zj,0.32,b15,0.19,zj,0.32,zj,c = f>o
821,b11,0.4,b11,0.35,b11,0.4,b11,c= o-f>0.63
822,b13,0.39,b13,0.45,b13,0.39,b13,c= o-f>0.63
823,b13,0.27,b12,0.23,b13,0.27,b13,o-f<0.63
824,zj,0.39,zj,0.42,zj,0.39,zj,c= o-f>0.63
825,andy,0.31,andy,0.59,andy,0.31,andy,c= o-f>0.63
826,b16,0.18,lan,0.19,b16,0.18,lan,o-f<0.63
827,trump,0.28,b15,0.17,trump,0.28,trump,o-f<0.63
828,b13,0.42,b13,0.45,b13,0.42,b13,c= o-f>0.63
829,trump,0.29,trump,0.42,trump,0.29,trump,c = f<o
830,trump,0.27,trump,0.35,trump,0.27,trump,c = f<o
831,trump,0.26,andy,0.23,trump,0.26,trump,o-f<0.63
832,b13,0.23,b13,0.39,b13,0.23,b13,c = f<o
833,b11,0.16,b17,0.2,b11,0.16,b17,o-f<0.63
834,b12,0.27,b16,0.19,b12,0.27,b12,o-f<0.63
835,lan,0.25,lan,0.53,lan,0.25,lan,c = f<o
836,b17,0.35,b17,0.53,b17,0.35,b17,c= o-f>0.63
837,b17,0.26,b17,0.24,b17,0.26,b17,o-f<0.63
838,lan,0.39,lan,0.56,lan,0.39,lan,c= o-f>0.63
839,trump,0.31,trump,0.32,trump,0.31,trump,c= o-f>0.63
840,b11,0.41,b17,0.3,b11,0.41,b11,c not= o-f>0.63
841,b12,0.28,b12,0.31,b12,0.28,b12,c = f<o
842,b15,0.32,b15,0.28,b15,0.32,b15,c = f>o
843,andy,0.42,andy,0.59,andy,0.42,andy,c= o-f>0.63
844,lan,0.32,lan,0.3,lan,0.32,lan,c= o-f>0.63
845,trump,0.3,trump,0.36,trump,0.3,trump,c= o-f>0.63
846,lan,0.26,lan,0.23,lan,0.26,lan,o-f<0.63
847,zj,0.38,zj,0.49,zj,0.38,zj,c= o-f>0.63
848,b15,0.3,b15,0.17,b15,0.3,b15,c = f>o
849,b15,0.25,b15,0.2,b15,0.25,b15,o-f<0.63
850,b15,0.3,b15,0.26,b15,0.3,b15,c = f>o
851,b11,0.42,b11,0.39,b11,0.42,b11,c= o-f>0.63
852,b11,0.28,b11,0.28,b11,0.28,b11,o-f<0.63
853,b17,0.3,b17,0.56,b17,0.3,b17,c= o-f>0.63
854,lan,0.32,lan,0.32,lan,0.32,lan,c= o-f>0.63
855,b16,0.46,b16,0.28,b16,0.46,b16,c = f>o
856,b13,0.2,b13,0.34,b13,0.2,b13,c = f<o
857,andy,0.36,zj,0.32,andy,0.36,andy,c not= o-f>0.63
858,zj,0.35,zj,0.43,zj,0.35,zj,c= o-f>0.63
859,b16,0.51,b16,0.34,b16,0.51,b16,c= o-f>0.63
860,zj,0.36,zj,0.26,zj,0.36,zj,c = f>o
861,b13,0.41,b13,0.43,b13,0.41,b13,c= o-f>0.63
862,b13,0.31,lan,0.17,b13,0.31,b13,c = f>o
863,andy,0.28,andy,0.32,andy,0.28,andy,c = f<o
864,zj,0.47,zj,0.46,zj,0.47,zj,c= o-f>0.63
865,b11,0.4,b16,0.24,b11,0.4,b11,c = f>o
866,trump,0.28,trump,0.41,trump,0.28,trump,c = f<o
867,b15,0.33,b15,0.41,b15,0.33,b15,c= o-f>0.63
868,zj,0.36,zj,0.44,zj,0.36,zj,c= o-f>0.63
869,lan,0.39,b12,0.16,lan,0.39,lan,c = f>o
870,trump,0.34,trump,0.42,trump,0.34,trump,c= o-f>0.63
871,zj,0.37,zj,0.44,zj,0.37,zj,c= o-f>0.63
872,trump,0.37,trump,0.46,trump,0.37,trump,c= o-f>0.63
873,b13,0.27,b13,0.44,b13,0.27,b13,c = f<o
874,b17,0.23,b17,0.5,b17,0.23,b17,c = f<o
875,b13,0.4,b13,0.45,b13,0.4,b13,c= o-f>0.63
876,zj,0.36,zj,0.41,zj,0.36,zj,c= o-f>0.63
877,b16,0.2,b15,0.26,b16,0.2,b12,o-f<0.63
878,b17,0.29,b17,0.46,b17,0.29,b17,c = f<o
879,b16,0.54,b16,0.47,b16,0.54,b16,c= o-f>0.63
880,andy,0.22,b15,0.22,andy,0.22,andy,o-f<0.63
881,b11,0.15,b17,0.32,b11,0.15,b17,c = f<o
882,trump,0.31,trump,0.32,trump,0.31,trump,c= o-f>0.63
883,b11,0.4,b11,0.42,b11,0.4,b11,c= o-f>0.63
884,b17,0.26,lan,0.33,b17,0.26,b17,c = f<o
885,b11,0.39,b11,0.44,b11,0.39,b11,c= o-f>0.63
886,andy,0.37,zj,0.27,andy,0.37,andy,c = f>o
887,lan,0.22,lan,0.36,lan,0.22,lan,c = f<o
888,zj,0.4,zj,0.34,zj,0.4,zj,c= o-f>0.63
889,trump,0.39,trump,0.27,trump,0.39,trump,c = f>o
890,zj,0.39,zj,0.47,zj,0.39,zj,c= o-f>0.63
891,zj,0.28,zj,0.48,zj,0.28,zj,c = f<o
892,b16,0.26,b12,0.19,b16,0.26,b12,o-f<0.63
893,b17,0.21,b17,0.22,b17,0.21,b17,o-f<0.63
894,b17,0.24,b17,0.16,b17,0.24,b17,o-f<0.63
895,b12,0.26,b12,0.31,b12,0.26,b12,c = f<o
896,b12,0.27,b12,0.34,b12,0.27,b12,c = f<o
897,b11,0.44,b11,0.44,b11,0.44,b11,c= o-f>0.63
898,andy,0.36,andy,0.15,andy,0.36,andy,c = f>o
899,b15,0.37,b15,0.39,b15,0.37,b15,c= o-f>0.63
900,b17,0.32,b17,0.49,b17,0.32,b17,c= o-f>0.63
901,zj,0.39,zj,0.28,zj,0.39,zj,c = f>o
902,zj,0.52,zj,0.46,zj,0.52,zj,c= o-f>0.63
903,trump,0.36,trump,0.37,trump,0.36,trump,c= o-f>0.63
904,b17,0.21,b17,0.32,b17,0.21,b17,c = f<o
905,zj,0.23,zj,0.25,zj,0.23,zj,o-f<0.63
906,trump,0.31,trump,0.42,trump,0.31,trump,c= o-f>0.63
907,b17,0.3,b17,0.52,b17,0.3,b17,c= o-f>0.63
908,b16,0.58,b16,0.43,b16,0.58,b16,c= o-f>0.63
909,lan,0.17,b17,0.22,lan,0.17,b13,o-f<0.63
910,trump,0.38,trump,0.42,trump,0.38,trump,c= o-f>0.63
911,b16,0.43,b16,0.35,b16,0.43,b16,c= o-f>0.63
912,b15,0.31,b15,0.37,b15,0.31,b15,c= o-f>0.63
913,andy,0.39,andy,0.62,andy,0.39,andy,c= o-f>0.63
914,b11,0.3,b17,0.19,b11,0.3,b11,c = f>o
915,b15,0.33,b15,0.43,b15,0.33,b15,c= o-f>0.63
916,b13,0.22,zj,0.25,b13,0.22,b13,o-f<0.63
917,andy,0.18,b15,0.22,andy,0.18,andy,o-f<0.63
918,trump,0.32,trump,0.49,trump,0.32,trump,c= o-f>0.63
919,trump,0.28,trump,0.28,trump,0.28,trump,o-f<0.63
920,b13,0.36,b13,0.45,b13,0.36,b13,c= o-f>0.63
921,b17,0.26,b17,0.27,b17,0.26,b17,o-f<0.63
922,b11,0.41,b11,0.3,b11,0.41,b11,c= o-f>0.63
923,b16,0.54,b16,0.4,b16,0.54,b16,c= o-f>0.63
924,trump,0.35,trump,0.44,trump,0.35,trump,c= o-f>0.63
925,b13,0.29,lan,0.3,b13,0.29,b13,c = f<o
926,b16,0.18,b16,0.22,b16,0.18,b16,o-f<0.63
927,b15,0.32,b16,0.39,b15,0.32,b15,c not= o-f>0.63
928,b16,0.34,trump,0.38,b16,0.34,trump,c not= o-f>0.63
929,b11,0.43,b11,0.35,b11,0.43,b11,c= o-f>0.63
930,b16,0.57,b16,0.52,b16,0.57,b16,c= o-f>0.63
931,andy,0.43,lan,0.17,andy,0.43,andy,c = f>o
932,b16,0.56,b16,0.52,b16,0.56,b16,c= o-f>0.63
933,b16,0.46,zj,0.18,b16,0.46,b16,c = f>o
934,andy,0.26,andy,0.41,andy,0.26,lan,c = f<o
935,b17,0.27,b17,0.48,b17,0.27,b17,c = f<o
936,trump,0.31,trump,0.27,trump,0.31,trump,c = f>o
937,trump,0.31,b16,0.21,trump,0.31,trump,c = f>o
938,b16,0.59,b16,0.48,b16,0.59,b16,c= o-f>0.63
939,b11,0.31,b11,0.25,b11,0.31,b11,c = f>o
940,zj,0.47,zj,0.49,zj,0.47,zj,c= o-f>0.63
941,b16,0.48,b16,0.23,b16,0.48,b16,c = f>o
942,b16,0.51,b16,0.47,b16,0.51,b16,c= o-f>0.63
943,b16,0.54,b16,0.35,b16,0.54,b16,c= o-f>0.63
944,zj,0.21,zj,0.36,zj,0.21,zj,c = f<o
945,b11,0.28,b17,0.38,b11,0.28,b11,c = f<o
946,b12,0.23,b12,0.33,b12,0.23,b12,c = f<o
947,b11,0.39,b11,0.37,b11,0.39,b11,c= o-f>0.63
948,b15,0.23,b15,0.29,b15,0.23,b15,o-f<0.63
949,lan,0.28,lan,0.52,lan,0.28,lan,c = f<o
950,zj,0.47,zj,0.4,zj,0.47,zj,c= o-f>0.63
951,trump,0.27,trump,0.25,trump,0.27,trump,o-f<0.63
952,b11,0.44,b11,0.41,b11,0.44,b11,c= o-f>0.63
953,trump,0.33,trump,0.25,trump,0.33,trump,c = f>o
954,zj,0.43,zj,0.44,zj,0.43,zj,c= o-f>0.63
955,b13,0.31,b13,0.24,b13,0.31,b13,c = f>o
956,andy,0.21,b16,0.23,andy,0.21,b13,o-f<0.63
957,b12,0.23,b12,0.23,b12,0.23,b12,o-f<0.63
958,b11,0.41,b17,0.34,b11,0.41,b11,c not= o-f>0.63
959,b15,0.35,b15,0.45,b15,0.35,b15,c= o-f>0.63
960,lan,0.21,zj,0.25,lan,0.21,zj,o-f<0.63
961,andy,0.26,andy,0.24,andy,0.26,andy,o-f<0.63
962,b17,0.31,b17,0.56,b17,0.31,b17,c= o-f>0.63
963,b16,0.45,b16,0.53,b16,0.45,b16,c= o-f>0.63
964,andy,0.15,b13,0.17,andy,0.15,b13,o-f<0.63
965,b16,0.16,b16,0.21,b16,0.16,b15,o-f<0.63
966,b16,0.4,b16,0.3,b16,0.4,b16,c= o-f>0.63
967,lan,0.21,lan,0.37,lan,0.21,lan,c = f<o
968,andy,0.33,andy,0.28,andy,0.33,andy,c = f>o
969,andy,0.27,trump,0.16,andy,0.27,lan,o-f<0.63
970,b13,0.36,zj,0.28,b13,0.36,b13,c = f>o
971,b17,0.29,b17,0.51,b17,0.29,b17,c = f<o
972,b16,0.36,b16,0.31,b16,0.36,b16,c= o-f>0.63
973,b13,0.4,b13,0.47,b13,0.4,b13,c= o-f>0.63
974,trump,0.36,trump,0.4,trump,0.36,trump,c= o-f>0.63
975,b13,0.31,b13,0.39,b13,0.31,b13,c= o-f>0.63
976,b13,0.35,b15,0.3,b13,0.35,b13,c not= o-f>0.63
977,zj,0.41,zj,0.41,zj,0.41,zj,c= o-f>0.63
978,b17,0.26,b17,0.52,b17,0.26,b17,c = f<o
979,b11,0.36,b17,0.34,b11,0.36,b11,c not= o-f>0.63
980,trump,0.34,trump,0.35,trump,0.34,trump,c= o-f>0.63
981,zj,0.33,zj,0.44,zj,0.33,zj,c= o-f>0.63
982,b11,0.37,b17,0.22,b11,0.37,b11,c = f>o
983,b15,0.32,b15,0.44,b15,0.32,b15,c= o-f>0.63
984,b15,0.23,b15,0.3,b15,0.23,b15,c = f<o
985,b15,0.41,b15,0.41,b15,0.41,b15,c= o-f>0.63
986,zj,0.43,zj,0.38,zj,0.43,zj,c= o-f>0.63
987,lan,0.31,lan,0.56,lan,0.31,lan,c= o-f>0.63
988,andy,0.17,b17,0.31,andy,0.17,b12,c = f<o
989,lan,0.26,lan,0.29,lan,0.26,lan,o-f<0.63
990,b12,0.27,b12,0.24,b12,0.27,b12,o-f<0.63
991,trump,0.39,trump,0.49,trump,0.39,trump,c= o-f>0.63
992,andy,0.18,b15,0.25,andy,0.18,b15,o-f<0.63
993,b13,0.38,b13,0.5,b13,0.38,b13,c= o-f>0.63
994,b11,0.37,b11,0.36,b11,0.37,b11,c= o-f>0.63
995,b11,0.37,b11,0.42,b11,0.37,b11,c= o-f>0.63
996,b12,0.3,b12,0.25,b12,0.3,b12,c = f>o
997,b16,0.15,b13,0.2,b16,0.15,b13,o-f<0.63
998,b13,0.25,b13,0.33,b13,0.25,b13,c = f<o
999,lan,0.35,trump,0.21,lan,0.35,lan,c = f>o
1000,b13,0.39,b13,0.48,b13,0.39,b13,c= o-f>0.63
1001,lan,0.37,lan,0.3,lan,0.37,lan,c= o-f>0.63
1002,b13,0.34,b13,0.44,b13,0.34,b13,c= o-f>0.63
1003,b17,0.19,b15,0.21,b17,0.19,b17,o-f<0.63
1004,b12,0.2,b12,0.24,b12,0.2,b12,o-f<0.63
1005,zj,0.43,zj,0.26,zj,0.43,zj,c = f>o
1006,trump,0.32,trump,0.43,trump,0.32,trump,c= o-f>0.63
1007,andy,0.35,lan,0.27,andy,0.35,andy,c = f>o
1008,b13,0.37,b13,0.5,b13,0.37,b13,c= o-f>0.63
1009,andy,0.29,zj,0.25,andy,0.29,andy,o-f<0.63
1010,lan,0.37,lan,0.46,lan,0.37,lan,c= o-f>0.63
1011,andy,0.23,andy,0.39,andy,0.23,lan,c = f<o
1012,b12,0.18,b17,0.22,b12,0.18,b12,o-f<0.63
1013,b15,0.28,b15,0.45,b15,0.28,b15,c = f<o
1014,b16,0.59,b16,0.56,b16,0.59,b16,c= o-f>0.63
1015,zj,0.33,zj,0.32,zj,0.33,zj,c= o-f>0.63
1016,b15,0.28,b15,0.34,b15,0.28,b15,c = f<o
1017,b13,0.38,b13,0.45,b13,0.38,b13,c= o-f>0.63
1018,b13,0.37,b13,0.45,b13,0.37,b13,c= o-f>0.63
1019,b17,0.31,b17,0.5,b17,0.31,b17,c= o-f>0.63
1020,b17,0.28,b17,0.5,b17,0.28,b17,c = f<o
1021,b16,0.47,b16,0.47,b16,0.47,b16,c= o-f>0.63
1022,b11,0.41,b11,0.38,b11,0.41,b11,c= o-f>0.63
1023,b12,0.27,b12,0.34,b12,0.27,b12,c = f<o
1024,b15,0.32,b17,0.2,b15,0.32,b15,c = f>o
1025,b16,0.19,b16,0.2,b16,0.19,b16,o-f<0.63
1026,b13,0.32,b13,0.41,b13,0.32,b13,c= o-f>0.63
1027,b11,0.18,b15,0.21,b11,0.18,b15,o-f<0.63
1028,trump,0.29,trump,0.37,trump,0.29,trump,c = f<o
1029,andy,0.19,b13,0.18,andy,0.19,b15,o-f<0.63
1030,b12,0.27,b12,0.25,b12,0.27,b12,o-f<0.63
1031,b16,0.17,b16,0.23,b16,0.17,b15,o-f<0.63
1032,b13,0.38,b13,0.48,b13,0.38,b13,c= o-f>0.63
1033,zj,0.45,zj,0.53,zj,0.45,zj,c= o-f>0.63
1034,b16,0.36,b16,0.22,b16,0.36,b16,c = f>o
1035,zj,0.25,b15,0.29,zj,0.25,zj,o-f<0.63
1036,b15,0.35,b15,0.37,b15,0.35,b15,c= o-f>0.63
1037,andy,0.25,b13,0.26,andy,0.25,lan,o-f<0.63
1038,b11,0.26,b17,0.31,b11,0.26,b11,c = f<o
1039,lan,0.38,lan,0.29,lan,0.38,lan,c = f>o
1040,zj,0.42,b15,0.24,zj,0.42,zj,c = f>o
1041,b12,0.28,b12,0.33,b12,0.28,b12,c = f<o
1042,trump,0.38,trump,0.42,trump,0.38,trump,c= o-f>0.63
1043,andy,0.24,b15,0.29,andy,0.24,lan,o-f<0.63
1044,b16,0.18,b11,0.24,b16,0.18,b11,o-f<0.63
1045,trump,0.32,trump,0.26,trump,0.32,trump,c = f>o
1046,zj,0.33,zj,0.29,zj,0.33,zj,c = f>o
1047,b16,0.21,b16,0.28,b16,0.21,b15,o-f<0.63
1048,b16,0.51,b16,0.49,b16,0.51,b16,c= o-f>0.63
1049,zj,0.38,zj,0.34,zj,0.38,zj,c= o-f>0.63
1050,b16,0.4,b16,0.15,b16,0.4,b16,c = f>o
1051,zj,0.34,zj,0.3,zj,0.34,zj,c= o-f>0.63
1052,b16,0.47,b16,0.43,b16,0.47,b16,c= o-f>0.63
1053,trump,0.41,trump,0.4,trump,0.41,trump,c= o-f>0.63
1054,trump,0.32,trump,0.41,trump,0.32,trump,c= o-f>0.63
1055,zj,0.2,lan,0.24,zj,0.2,zj,o-f<0.63
1056,zj,0.33,zj,0.46,zj,0.33,zj,c= o-f>0.63
1057,b13,0.29,b13,0.32,b13,0.29,b13,c = f<o
1058,zj,0.48,zj,0.4,zj,0.48,zj,c= o-f>0.63
1059,b11,0.26,b11,0.33,b11,0.26,b11,c = f<o
1060,b15,0.32,b15,0.33,b15,0.32,b15,c= o-f>0.63
1061,andy,0.18,zj,0.21,andy,0.18,zj,o-f<0.63
1062,b11,0.4,b11,0.38,b11,0.4,b11,c= o-f>0.63
1063,b12,0.25,b17,0.27,b12,0.25,b12,o-f<0.63
1064,b16,0.6,b16,0.52,b16,0.6,b16,c= o-f>0.63
1065,b17,0.17,b17,0.22,b17,0.17,b17,o-f<0.63
1066,lan,0.23,lan,0.51,lan,0.23,lan,c = f<o
1067,andy,0.22,zj,0.2,andy,0.22,andy,o-f<0.63
1068,b15,0.3,b15,0.25,b15,0.3,b15,c = f>o
1069,b13,0.4,b13,0.47,b13,0.4,b13,c= o-f>0.63
1070,b16,0.17,b17,0.24,b16,0.17,b17,o-f<0.63
1071,b12,0.33,b12,0.4,b12,0.33,b12,c= o-f>0.63
1072,zj,0.46,zj,0.39,zj,0.46,zj,c= o-f>0.63
1073,b15,0.25,b15,0.25,b15,0.25,b15,o-f<0.63
1074,trump,0.24,trump,0.27,trump,0.24,trump,o-f<0.63
1075,b16,0.57,b16,0.46,b16,0.57,b16,c= o-f>0.63
1076,b17,0.29,b17,0.49,b17,0.29,b17,c = f<o
1077,b16,0.37,b16,0.42,b16,0.37,b16,c= o-f>0.63
1078,zj,0.43,zj,0.48,zj,0.43,zj,c= o-f>0.63
1079,zj,0.35,zj,0.42,zj,0.35,zj,c= o-f>0.63
1080,b13,0.35,b13,0.42,b13,0.35,b13,c= o-f>0.63
1081,b17,0.35,b17,0.58,b17,0.35,b17,c= o-f>0.63
1082,trump,0.27,trump,0.23,trump,0.27,trump,o-f<0.63
1083,trump,0.34,trump,0.31,trump,0.34,trump,c= o-f>0.63
1084,b13,0.24,b13,0.29,b13,0.24,b13,o-f<0.63
1085,andy,0.29,zj,0.27,andy,0.29,andy,o-f<0.63
1086,b13,0.35,b13,0.48,b13,0.35,b13,c= o-f>0.63
1087,b15,0.3,b15,0.45,b15,0.3,b15,c= o-f>0.63
1088,zj,0.26,zj,0.45,zj,0.26,zj,c = f<o
1089,zj,0.43,zj,0.38,zj,0.43,zj,c= o-f>0.63
1090,zj,0.3,zj,0.34,zj,0.3,zj,c= o-f>0.63
1091,b11,0.27,b17,0.33,b11,0.27,b11,c = f<o
1092,trump,0.36,trump,0.28,trump,0.36,trump,c = f>o
1093,b13,0.24,b13,0.37,b13,0.24,b13,c = f<o
1094,b15,0.3,b15,0.44,b15,0.3,b15,c= o-f>0.63
1095,lan,0.29,lan,0.45,lan,0.29,lan,c = f<o
1096,b15,0.25,b15,0.25,b15,0.25,b15,o-f<0.63
1097,b11,0.41,b11,0.36,b11,0.41,b11,c= o-f>0.63
1098,zj,0.42,zj,0.46,zj,0.42,zj,c= o-f>0.63
1099,b16,0.5,b16,0.36,b16,0.5,b16,c= o-f>0.63
1100,trump,0.28,trump,0.34,trump,0.28,trump,c = f<o
1101,trump,0.35,trump,0.37,trump,0.35,trump,c= o-f>0.63
1102,b16,0.48,b16,0.34,b16,0.48,b16,c= o-f>0.63
1103,andy,0.39,lan,0.19,andy,0.39,andy,c = f>o
1104,andy,0.3,andy,0.24,andy,0.3,andy,c = f>o
1105,b13,0.27,b13,0.46,b13,0.27,b13,c = f<o
1106,b17,0.31,b17,0.44,b17,0.31,b17,c= o-f>0.63
1107,b16,0.54,b16,0.42,b16,0.54,b16,c= o-f>0.63
1108,lan,0.38,lan,0.26,lan,0.38,lan,c = f>o
1109,b16,0.45,b16,0.44,b16,0.45,b16,c= o-f>0.63
1110,b12,0.24,b12,0.36,b12,0.24,b12,c = f<o
1111,zj,0.46,zj,0.42,zj,0.46,zj,c= o-f>0.63
1112,b16,0.41,b12,0.17,b16,0.41,b16,c = f>o
1113,zj,0.46,b15,0.18,zj,0.46,zj,c = f>o
1114,zj,0.34,zj,0.31,zj,0.34,zj,c= o-f>0.63
1115,b11,0.36,b11,0.34,b11,0.36,b11,c= o-f>0.63
1116,b16,0.54,b16,0.4,b16,0.54,b16,c= o-f>0.63
1117,andy,0.19,b15,0.34,andy,0.19,andy,c = f<o
1118,b12,0.2,b17,0.24,b12,0.2,b12,o-f<0.63
1119,lan,0.32,lan,0.24,lan,0.32,lan,c = f>o
1120,zj,0.31,zj,0.22,zj,0.31,zj,c = f>o
1121,lan,0.2,lan,0.42,lan,0.2,lan,c = f<o
1122,b16,0.18,b17,0.24,b16,0.18,b12,o-f<0.63
1123,b13,0.25,b13,0.38,b13,0.25,b13,c = f<o
1124,b13,0.24,b13,0.39,b13,0.24,b13,c = f<o
1125,b11,0.33,b11,0.25,b11,0.33,b11,c = f>o
1126,b13,0.36,b13,0.29,b13,0.36,b13,c = f>o
1127,b16,0.57,b16,0.44,b16,0.57,b16,c= o-f>0.63
1128,lan,0.28,lan,0.33,lan,0.28,lan,c = f<o
1129,andy,0.24,lan,0.42,andy,0.24,lan,c = f<o
1130,zj,0.38,zj,0.28,zj,0.38,zj,c = f>o
1131,b15,0.38,b15,0.36,b15,0.38,b15,c= o-f>0.63
1132,andy,0.17,b17,0.18,andy,0.17,b12,o-f<0.63
1133,andy,0.42,andy,0.51,andy,0.42,andy,c= o-f>0.63
1134,andy,0.29,lan,0.22,andy,0.29,lan,o-f<0.63
1135,b15,0.28,b15,0.25,b15,0.28,b15,o-f<0.63
1136,zj,0.49,zj,0.45,zj,0.49,zj,c= o-f>0.63
1137,zj,0.4,zj,0.32,zj,0.4,zj,c= o-f>0.63
1138,b16,0.48,b16,0.3,b16,0.48,b16,c= o-f>0.63
1139,b12,0.38,b12,0.4,b12,0.38,b12,c= o-f>0.63
1140,b17,0.28,b17,0.44,b17,0.28,b17,c = f<o
1141,andy,0.41,b13,0.36,andy,0.41,andy,c not= o-f>0.63
1142,andy,0.28,b15,0.37,andy,0.28,andy,c = f<o
1143,b12,0.31,b12,0.38,b12,0.31,b12,c= o-f>0.63
1144,andy,0.45,zj,0.25,andy,0.45,andy,c = f>o
1145,b11,0.35,b11,0.34,b11,0.35,b11,c= o-f>0.63
1146,b16,0.57,b16,0.44,b16,0.57,b16,c= o-f>0.63
1147,b16,0.33,b16,0.36,b16,0.33,b16,c= o-f>0.63
1148,b12,0.34,b12,0.37,b12,0.34,b12,c= o-f>0.63
1149,b15,0.36,b15,0.42,b15,0.36,b15,c= o-f>0.63
1150,b17,0.29,b17,0.55,b17,0.29,b17,c = f<o
1151,b15,0.2,b17,0.2,b15,0.2,b15,o-f<0.63
1152,zj,0.41,zj,0.5,zj,0.41,zj,c= o-f>0.63
1153,lan,0.39,lan,0.34,lan,0.39,lan,c= o-f>0.63
1154,zj,0.29,zj,0.38,zj,0.29,zj,c = f<o
1155,b13,0.38,b13,0.47,b13,0.38,b13,c= o-f>0.63
1156,b15,0.29,b15,0.44,b15,0.29,b15,c = f<o
1157,b16,0.58,b16,0.47,b16,0.58,b16,c= o-f>0.63
1158,b13,0.37,b13,0.28,b13,0.37,b13,c = f>o
1159,zj,0.44,zj,0.29,zj,0.44,zj,c = f>o
1160,b16,0.51,b16,0.42,b16,0.51,b16,c= o-f>0.63
1161,b16,0.27,b17,0.19,b16,0.27,b15,o-f<0.63
1162,b17,0.32,b17,0.54,b17,0.32,b17,c= o-f>0.63
1163,b12,0.26,b12,0.21,b12,0.26,b12,o-f<0.63
1164,b16,0.18,b17,0.22,b16,0.18,b17,o-f<0.63
1165,b13,0.25,b13,0.22,b13,0.25,b13,o-f<0.63
1166,zj,0.42,zj,0.35,zj,0.42,zj,c= o-f>0.63
1167,b11,0.2,b17,0.27,b11,0.2,b17,o-f<0.63
1168,b16,0.58,b16,0.44,b16,0.58,b16,c= o-f>0.63
1169,b12,0.22,b12,0.29,b12,0.22,b12,o-f<0.63
1170,b13,0.25,b13,0.42,b13,0.25,b13,c = f<o
1171,b15,0.34,b15,0.33,b15,0.34,b15,c= o-f>0.63
1172,b15,0.14,b17,0.21,b15,0.14,b15,o-f<0.63
1173,b12,0.25,b12,0.3,b12,0.25,b12,c = f<o
1174,b16,0.49,b16,0.2,b16,0.49,b16,c = f>o
1175,b16,0.2,b17,0.39,b16,0.2,b17,c = f<o
1176,b12,0.3,b12,0.36,b12,0.3,b12,c= o-f>0.63
1177,b13,0.23,b13,0.45,b13,0.23,b13,c = f<o
1178,andy,0.21,lan,0.35,andy,0.21,lan,c = f<o
1179,andy,0.15,b17,0.34,andy,0.15,b17,c = f<o
1180,b11,0.39,b16,0.17,b11,0.39,b11,c = f>o
1181,trump,0.39,trump,0.45,trump,0.39,trump,c= o-f>0.63
1182,zj,0.4,zj,0.43,zj,0.4,zj,c= o-f>0.63
1183,zj,0.4,zj,0.51,zj,0.4,zj,c= o-f>0.63
1184,andy,0.34,andy,0.56,andy,0.34,andy,c= o-f>0.63
1185,b15,0.28,b15,0.32,b15,0.28,b15,c = f<o
1186,b17,0.17,b17,0.33,b17,0.17,b17,c = f<o
1187,b16,0.18,b11,0.3,b16,0.18,b11,c = f<o
1188,lan,0.31,lan,0.41,lan,0.31,lan,c= o-f>0.63
1189,b12,0.25,b17,0.3,b12,0.25,b12,c = f<o
1190,b12,0.25,b12,0.26,b12,0.25,b12,o-f<0.63
1191,zj,0.32,zj,0.21,zj,0.32,zj,c = f>o
1192,andy,0.27,andy,0.28,andy,0.27,andy,o-f<0.63
1193,zj,0.21,b15,0.23,zj,0.21,zj,o-f<0.63
1194,b12,0.26,b12,0.31,b12,0.26,b12,c = f<o
1195,b15,0.27,b15,0.29,b15,0.27,b15,o-f<0.63
1196,b15,0.35,b15,0.3,b15,0.35,b15,c= o-f>0.63
1197,trump,0.31,trump,0.36,trump,0.31,trump,c= o-f>0.63
1198,b12,0.26,b17,0.25,b12,0.26,b12,o-f<0.63
1199,b12,0.26,b17,0.21,b12,0.26,b12,o-f<0.63
1200,b12,0.34,b12,0.4,b12,0.34,b12,c= o-f>0.63
1201,zj,0.28,lan,0.17,zj,0.28,zj,o-f<0.63
1202,b15,0.34,b16,0.16,b15,0.34,b15,c = f>o
1203,b11,0.34,b11,0.25,b11,0.34,b11,c = f>o
1204,b15,0.31,b15,0.37,b15,0.31,b15,c= o-f>0.63
1205,b15,0.2,b17,0.32,b15,0.2,b15,c = f<o
1206,b16,0.56,b16,0.47,b16,0.56,b16,c= o-f>0.63
1207,trump,0.31,trump,0.19,trump,0.31,trump,c = f>o
1208,trump,0.39,trump,0.44,trump,0.39,trump,c= o-f>0.63
1209,zj,0.45,b15,0.23,zj,0.45,zj,c = f>o
1210,b17,0.33,b17,0.57,b17,0.33,b17,c= o-f>0.63
1211,b15,0.18,b16,0.26,b15,0.18,b15,o-f<0.63
1212,zj,0.49,zj,0.46,zj,0.49,zj,c= o-f>0.63
1213,b11,0.32,b17,0.26,b11,0.32,b11,c = f>o
1214,b17,0.28,b17,0.19,b17,0.28,b17,o-f<0.63
1215,b11,0.29,b11,0.2,b11,0.29,b11,o-f<0.63
1216,b12,0.3,b12,0.27,b12,0.3,b12,c = f>o
1217,b13,0.41,b13,0.46,b13,0.41,b13,c= o-f>0.63
1218,zj,0.4,zj,0.41,zj,0.4,zj,c= o-f>0.63
1219,b17,0.34,b17,0.49,b17,0.34,b17,c= o-f>0.63
1220,b15,0.18,b17,0.19,b15,0.18,b15,o-f<0.63
1221,lan,0.31,lan,0.61,lan,0.31,lan,c= o-f>0.63
1222,lan,0.32,lan,0.59,lan,0.32,lan,c= o-f>0.63
1223,b11,0.42,b11,0.22,b11,0.42,b11,c = f>o
1224,zj,0.19,trump,0.19,zj,0.19,zj,o-f<0.63
1225,b17,0.17,b17,0.42,b17,0.17,b17,c = f<o
1226,b13,0.4,andy,0.35,b13,0.4,b13,c not= o-f>0.63
1227,b11,0.41,b11,0.33,b11,0.41,b11,c= o-f>0.63
1228,andy,0.34,andy,0.59,andy,0.34,andy,c= o-f>0.63
1229,b13,0.3,b17,0.15,b13,0.3,b13,c = f>o
1230,b17,0.15,b17,0.3,b17,0.15,b17,c = f<o
1231,zj,0.27,zj,0.29,zj,0.27,zj,o-f<0.63
1232,b11,0.31,b11,0.34,b11,0.31,b11,c= o-f>0.63
1233,b11,0.41,b11,0.44,b11,0.41,b11,c= o-f>0.63
1234,b16,0.15,b16,0.23,b16,0.15,b13,o-f<0.63
1235,b13,0.34,zj,0.24,b13,0.34,b13,c = f>o
1236,zj,0.37,zj,0.21,zj,0.37,zj,c = f>o
1237,lan,0.33,lan,0.29,lan,0.33,lan,c = f>o
1238,b15,0.32,lan,0.18,b15,0.32,b15,c = f>o
1239,b12,0.31,b12,0.4,b12,0.31,b12,c= o-f>0.63
1240,andy,0.24,andy,0.26,andy,0.24,lan,o-f<0.63
1241,b17,0.3,b17,0.5,b17,0.3,b17,c= o-f>0.63
1242,lan,0.28,lan,0.5,lan,0.28,lan,c = f<o
1243,b11,0.28,b11,0.27,b11,0.28,b11,o-f<0.63
1244,zj,0.34,zj,0.28,zj,0.34,zj,c = f>o
1245,b16,0.54,b16,0.51,b16,0.54,b16,c= o-f>0.63
1246,andy,0.15,b17,0.32,andy,0.15,b17,c = f<o
1247,andy,0.32,andy,0.34,andy,0.32,andy,c= o-f>0.63
1248,b12,0.22,b12,0.22,b12,0.22,b12,o-f<0.63
1249,b17,0.26,lan,0.33,b17,0.26,b17,c = f<o
1250,andy,0.4,andy,0.43,andy,0.4,andy,c= o-f>0.63
1251,b12,0.2,b12,0.32,b12,0.2,b12,c = f<o
1252,b15,0.38,b15,0.27,b15,0.38,b15,c = f>o
1253,b16,0.45,b16,0.25,b16,0.45,b16,c = f>o
1254,b13,0.29,b13,0.18,b13,0.29,b13,o-f<0.63
1255,b16,0.45,b16,0.4,b16,0.45,b16,c= o-f>0.63
1256,lan,0.23,lan,0.21,lan,0.23,lan,o-f<0.63
1257,andy,0.26,lan,0.23,andy,0.26,andy,o-f<0.63
1258,b17,0.23,b17,0.29,b17,0.23,b17,o-f<0.63
1259,b15,0.25,b16,0.23,b15,0.25,b15,o-f<0.63
1260,b11,0.41,b11,0.37,b11,0.41,b11,c= o-f>0.63
1261,andy,0.42,andy,0.53,andy,0.42,andy,c= o-f>0.63
1262,b16,0.46,b17,0.21,b16,0.46,b16,c = f>o
1263,b11,0.37,b17,0.28,b11,0.37,b11,c = f>o
1264,b12,0.3,b12,0.38,b12,0.3,b12,c= o-f>0.63
1265,b12,0.28,b12,0.35,b12,0.28,b12,c = f<o
1266,b13,0.22,b13,0.27,b13,0.22,b13,o-f<0.63
1267,trump,0.31,trump,0.35,trump,0.31,trump,c= o-f>0.63
1268,lan,0.28,lan,0.41,lan,0.28,lan,c = f<o
1269,lan,0.22,lan,0.21,lan,0.22,lan,o-f<0.63
1270,b12,0.3,b12,0.4,b12,0.3,b12,c= o-f>0.63
1271,lan,0.16,b15,0.2,lan,0.16,b13,o-f<0.63
1272,b15,0.36,b15,0.43,b15,0.36,b15,c= o-f>0.63
1273,trump,0.29,trump,0.43,trump,0.29,trump,c = f<o
1274,b11,0.31,b11,0.3,b11,0.31,b11,c= o-f>0.63
1275,b16,0.45,b16,0.3,b16,0.45,b16,c= o-f>0.63
1276,lan,0.35,lan,0.21,lan,0.35,lan,c = f>o
1277,lan,0.36,lan,0.2,lan,0.36,lan,c = f>o
1278,b13,0.4,b13,0.5,b13,0.4,b13,c= o-f>0.63
1279,b16,0.41,b11,0.19,b16,0.41,b16,c = f>o
1280,zj,0.45,zj,0.41,zj,0.45,zj,c= o-f>0.63
1281,b13,0.35,b13,0.45,b13,0.35,b13,c= o-f>0.63
1282,zj,0.22,zj,0.23,zj,0.22,zj,o-f<0.63
1283,b16,0.35,b16,0.21,b16,0.35,b16,c = f>o
1284,andy,0.23,lan,0.51,andy,0.23,lan,c = f<o
1285,b11,0.34,b11,0.3,b11,0.34,b11,c= o-f>0.63
1286,zj,0.39,zj,0.35,zj,0.39,zj,c= o-f>0.63
1287,b16,0.48,b17,0.2,b16,0.48,b16,c = f>o
1288,b16,0.38,b17,0.19,b16,0.38,b16,c = f>o
1289,andy,0.43,lan,0.15,andy,0.43,andy,c = f>o
1290,b17,0.21,b17,0.25,b17,0.21,b17,o-f<0.63
1291,trump,0.32,trump,0.4,trump,0.32,trump,c= o-f>0.63
1292,b13,0.33,b13,0.4,b13,0.33,b13,c= o-f>0.63
1293,andy,0.42,andy,0.61,andy,0.42,andy,c= o-f>0.63
1294,lan,0.22,b16,0.23,lan,0.22,lan,o-f<0.63
1295,b11,0.36,b11,0.39,b11,0.36,b11,c= o-f>0.63
1296,b11,0.36,b11,0.36,b11,0.36,b11,c= o-f>0.63
1297,zj,0.33,b15,0.24,zj,0.33,zj,c = f>o
1298,andy,0.36,andy,0.44,andy,0.36,andy,c= o-f>0.63
1299,b15,0.31,b15,0.25,b15,0.31,b15,c = f>o
1300,andy,0.16,trump,0.19,andy,0.16,b15,o-f<0.63
1301,andy,0.41,andy,0.53,andy,0.41,andy,c= o-f>0.63
1302,andy,0.24,lan,0.33,andy,0.24,lan,c = f<o
1303,b15,0.21,b11,0.21,b15,0.21,b15,o-f<0.63
1304,b15,0.31,b15,0.24,b15,0.31,b15,c = f>o
1305,trump,0.25,trump,0.25,trump,0.25,trump,o-f<0.63
1306,b16,0.18,b16,0.18,b16,0.18,b15,o-f<0.63
1307,trump,0.27,trump,0.26,trump,0.27,trump,o-f<0.63
1308,b17,0.25,b17,0.43,b17,0.25,b17,c = f<o
1309,b17,0.31,b17,0.52,b17,0.31,b17,c= o-f>0.63
1310,b11,0.41,b11,0.36,b11,0.41,b11,c= o-f>0.63
1311,b13,0.39,b13,0.46,b13,0.39,b13,c= o-f>0.63
1312,b16,0.53,b16,0.41,b16,0.53,b16,c= o-f>0.63
1313,andy,0.17,b17,0.29,andy,0.17,b17,o-f<0.63
1314,b16,0.33,b17,0.27,b16,0.33,b11,c = f>o
1315,b17,0.25,b17,0.24,b17,0.25,b17,o-f<0.63
1316,b15,0.32,b15,0.43,b15,0.32,b15,c= o-f>0.63
1317,b17,0.23,b17,0.33,b17,0.23,b17,c = f<o
1318,b12,0.25,b15,0.24,b12,0.25,b12,o-f<0.63
1319,b16,0.53,b16,0.43,b16,0.53,b16,c= o-f>0.63
1320,b17,0.24,b17,0.46,b17,0.24,b17,c = f<o
1321,zj,0.41,zj,0.29,zj,0.41,zj,c = f>o
1322,b12,0.33,b12,0.32,b12,0.33,b12,c= o-f>0.63
1323,b12,0.23,b16,0.22,b12,0.23,b12,o-f<0.63
1324,b15,0.32,b15,0.34,b15,0.32,b15,c= o-f>0.63
1325,trump,0.41,trump,0.49,trump,0.41,trump,c= o-f>0.63
1326,b15,0.22,b15,0.3,b15,0.22,b15,c = f<o
1327,b15,0.24,b17,0.19,b15,0.24,b15,o-f<0.63
1328,zj,0.35,zj,0.48,zj,0.35,zj,c= o-f>0.63
1329,b15,0.34,b15,0.39,b15,0.34,b15,c= o-f>0.63
1330,b16,0.56,b16,0.53,b16,0.56,b16,c= o-f>0.63
1331,b13,0.28,b13,0.39,b13,0.28,b13,c = f<o
1332,andy,0.35,b15,0.24,andy,0.35,andy,c = f>o
1333,lan,0.17,lan,0.32,lan,0.17,lan,c = f<o
1334,lan,0.28,lan,0.25,lan,0.28,lan,o-f<0.63
1335,b11,0.37,b11,0.31,b11,0.37,b11,c= o-f>0.63
1336,b11,0.34,b11,0.3,b11,0.34,b11,c= o-f>0.63
1337,zj,0.43,zj,0.42,zj,0.43,zj,c= o-f>0.63
1338,trump,0.41,trump,0.49,trump,0.41,trump,c= o-f>0.63
1339,b17,0.33,b17,0.47,b17,0.33,b17,c= o-f>0.63
1340,lan,0.24,lan,0.36,lan,0.24,lan,c = f<o
1341,andy,0.28,lan,0.27,andy,0.28,andy,o-f<0.63
1342,b12,0.33,b12,0.35,b12,0.33,b12,c= o-f>0.63
1343,lan,0.4,lan,0.37,lan,0.4,lan,c= o-f>0.63
1344,lan,0.25,lan,0.16,lan,0.25,lan,o-f<0.63
1345,andy,0.25,lan,0.22,andy,0.25,andy,o-f<0.63
1346,b16,0.15,b16,0.15,b16,0.15,b15,o-f<0.63
1347,b17,0.24,b17,0.24,b17,0.24,b17,o-f<0.63
1348,b13,0.4,b13,0.47,b13,0.4,b13,c= o-f>0.63
1349,zj,0.36,b15,0.18,zj,0.36,zj,c = f>o
1350,trump,0.39,trump,0.45,trump,0.39,trump,c= o-f>0.63
1351,lan,0.21,zj,0.33,lan,0.21,zj,c = f<o
1352,andy,0.27,b16,0.24,andy,0.27,b13,o-f<0.63
1353,b12,0.28,b12,0.4,b12,0.28,b12,c = f<o
1354,andy,0.26,b15,0.16,andy,0.26,andy,o-f<0.63
1355,b17,0.18,b17,0.32,b17,0.18,b17,c = f<o
1356,andy,0.42,andy,0.46,andy,0.42,andy,c= o-f>0.63
1357,b15,0.35,b15,0.43,b15,0.35,b15,c= o-f>0.63
1358,b12,0.3,b12,0.43,b12,0.3,b12,c= o-f>0.63
1359,b16,0.51,b16,0.45,b16,0.51,b16,c= o-f>0.63
1360,trump,0.3,trump,0.42,trump,0.3,trump,c= o-f>0.63
1361,zj,0.41,zj,0.42,zj,0.41,zj,c= o-f>0.63
1362,trump,0.37,trump,0.38,trump,0.37,trump,c= o-f>0.63
1363,trump,0.3,trump,0.37,trump,0.3,trump,c= o-f>0.63
1364,andy,0.37,zj,0.25,andy,0.37,andy,c = f>o
1365,b12,0.21,b17,0.2,b12,0.21,b12,o-f<0.63
1366,b15,0.24,b11,0.23,b15,0.24,b15,o-f<0.63
1367,zj,0.36,zj,0.37,zj,0.36,zj,c= o-f>0.63
1368,b16,0.23,b12,0.22,b16,0.23,b12,o-f<0.63
1369,b12,0.23,b12,0.23,b12,0.23,b12,o-f<0.63
1370,andy,0.41,andy,0.64,andy,0.41,andy,c= o-f>0.63
1371,trump,0.42,trump,0.47,trump,0.42,trump,c= o-f>0.63
1372,b12,0.33,b12,0.29,b12,0.33,b12,c = f>o
1373,trump,0.26,trump,0.34,trump,0.26,trump,c = f<o
1374,lan,0.19,b17,0.15,lan,0.19,zj,o-f<0.63
1375,b12,0.24,b17,0.29,b12,0.24,b12,o-f<0.63
1376,andy,0.42,lan,0.19,andy,0.42,andy,c = f>o
1377,b15,0.34,b15,0.44,b15,0.34,b15,c= o-f>0.63
1378,trump,0.37,trump,0.3,trump,0.37,trump,c= o-f>0.63
1379,b12,0.23,b17,0.22,b12,0.23,b12,o-f<0.63
1380,b11,0.4,b11,0.36,b11,0.4,b11,c= o-f>0.63
1381,b15,0.28,b15,0.34,b15,0.28,b15,c = f<o
1382,b12,0.21,b12,0.24,b12,0.21,b12,o-f<0.63
1383,zj,0.34,b15,0.18,zj,0.34,zj,c = f>o
1384,b17,0.26,b17,0.44,b17,0.26,b17,c = f<o
1385,b11,0.21,b17,0.22,b11,0.21,b17,o-f<0.63
1386,b12,0.27,b12,0.23,b12,0.27,b12,o-f<0.63
1387,b16,0.47,b16,0.47,b16,0.47,b16,c= o-f>0.63
1388,b15,0.28,b16,0.23,b15,0.28,b15,o-f<0.63
1389,andy,0.22,lan,0.33,andy,0.22,lan,c = f<o
1390,zj,0.43,zj,0.22,zj,0.43,zj,c = f>o
1391,b15,0.33,b15,0.42,b15,0.33,b15,c= o-f>0.63
1392,b15,0.26,b15,0.36,b15,0.26,b15,c = f<o
1393,b16,0.48,b16,0.44,b16,0.48,b16,c= o-f>0.63
1394,lan,0.25,b15,0.24,lan,0.25,lan,o-f<0.63
1395,lan,0.29,lan,0.42,lan,0.29,lan,c = f<o
1396,b12,0.34,b12,0.35,b12,0.34,b12,c= o-f>0.63
1397,b11,0.26,b11,0.29,b11,0.26,b11,o-f<0.63
1398,andy,0.37,andy,0.35,andy,0.37,andy,c= o-f>0.63
1399,b12,0.28,b12,0.39,b12,0.28,b12,c = f<o
1400,zj,0.34,zj,0.27,zj,0.34,zj,c = f>o
1401,andy,0.42,andy,0.62,andy,0.42,andy,c= o-f>0.63
1402,b11,0.41,b11,0.33,b11,0.41,b11,c= o-f>0.63
1403,b12,0.19,b12,0.19,b12,0.19,b12,o-f<0.63
1404,andy,0.38,andy,0.49,andy,0.38,andy,c= o-f>0.63
1405,b16,0.27,b17,0.18,b16,0.27,lan,o-f<0.63
1406,b15,0.32,b15,0.46,b15,0.32,b15,c= o-f>0.63
1407,trump,0.23,trump,0.42,trump,0.23,trump,c = f<o
1408,andy,0.25,andy,0.37,andy,0.25,andy,c = f<o
1409,b11,0.37,b11,0.29,b11,0.37,b11,c = f>o
1410,b15,0.38,b15,0.47,b15,0.38,b15,c= o-f>0.63
1411,andy,0.4,andy,0.47,andy,0.4,andy,c= o-f>0.63
1412,b16,0.57,b16,0.34,b16,0.57,b16,c= o-f>0.63
1413,b15,0.37,b15,0.34,b15,0.37,b15,c= o-f>0.63
1414,b17,0.31,b17,0.55,b17,0.31,b17,c= o-f>0.63
1415,b16,0.17,b17,0.32,b16,0.17,b17,c = f<o
1416,b17,0.19,b17,0.38,b17,0.19,b17,c = f<o
1417,b11,0.34,b11,0.33,b11,0.34,b11,c= o-f>0.63
1418,lan,0.37,lan,0.51,lan,0.37,lan,c= o-f>0.63
1419,b15,0.24,b16,0.28,b15,0.24,b15,o-f<0.63
1420,b11,0.44,b11,0.37,b11,0.44,b11,c= o-f>0.63
1421,lan,0.23,lan,0.52,lan,0.23,lan,c = f<o
1422,b15,0.26,b15,0.37,b15,0.26,b15,c = f<o
1423,andy,0.43,zj,0.27,andy,0.43,andy,c = f>o
1424,b16,0.25,b17,0.37,b16,0.25,b12,c = f<o
1425,zj,0.35,zj,0.35,zj,0.35,zj,c= o-f>0.63
1426,andy,0.21,lan,0.39,andy,0.21,lan,c = f<o
1427,b11,0.4,b11,0.42,b11,0.4,b11,c= o-f>0.63
1428,b16,0.41,b16,0.44,b16,0.41,b16,c= o-f>0.63
1429,trump,0.28,trump,0.45,trump,0.28,trump,c = f<o
1430,zj,0.44,zj,0.46,zj,0.44,zj,c= o-f>0.63
1431,b15,0.26,b15,0.36,b15,0.26,b15,c = f<o
1432,b11,0.41,b11,0.29,b11,0.41,b11,c = f>o
1433,zj,0.31,zj,0.29,zj,0.31,zj,c = f>o
1434,zj,0.45,zj,0.44,zj,0.45,zj,c= o-f>0.63
1435,b13,0.35,b13,0.41,b13,0.35,b13,c= o-f>0.63
1436,b16,0.54,b16,0.5,b16,0.54,b16,c= o-f>0.63
1437,lan,0.31,lan,0.4,lan,0.31,lan,c= o-f>0.63
1438,trump,0.39,trump,0.45,trump,0.39,trump,c= o-f>0.63
1439,b17,0.26,b17,0.4,b17,0.26,b17,c = f<o
1440,b12,0.31,b17,0.25,b12,0.31,b12,c = f>o
1441,b17,0.17,zj,0.2,b17,0.17,b17,o-f<0.63
1442,b16,0.53,b16,0.36,b16,0.53,b16,c= o-f>0.63
1443,b13,0.39,b13,0.49,b13,0.39,b13,c= o-f>0.63
1444,b12,0.24,b12,0.37,b12,0.24,b12,c = f<o
1445,zj,0.38,zj,0.29,zj,0.38,zj,c = f>o
1446,trump,0.34,trump,0.39,trump,0.34,trump,c= o-f>0.63
1447,andy,0.34,zj,0.16,andy,0.34,andy,c = f>o
1448,andy,0.22,b15,0.2,andy,0.22,lan,o-f<0.63
1449,b11,0.29,b11,0.35,b11,0.29,b11,c = f<o
1450,lan,0.26,lan,0.51,lan,0.26,lan,c = f<o
1451,lan,0.25,lan,0.34,lan,0.25,lan,c = f<o
1452,b12,0.28,b12,0.36,b12,0.28,b12,c = f<o
1453,b16,0.29,lan,0.37,b16,0.29,lan,c = f<o
1454,b11,0.37,b11,0.29,b11,0.37,b11,c = f>o
1455,b13,0.4,zj,0.19,b13,0.4,b13,c = f>o
1456,andy,0.17,trump,0.33,andy,0.17,trump,c = f<o
1457,b17,0.29,b17,0.48,b17,0.29,b17,c = f<o
1458,b17,0.28,lan,0.21,b17,0.28,b17,o-f<0.63
1459,b11,0.3,b16,0.21,b11,0.3,b11,c = f>o
1460,b12,0.36,b12,0.39,b12,0.36,b12,c= o-f>0.63
1461,b17,0.22,b17,0.39,b17,0.22,b17,c = f<o
1462,zj,0.47,zj,0.41,zj,0.47,zj,c= o-f>0.63
1463,b16,0.58,b16,0.46,b16,0.58,b16,c= o-f>0.63
1464,trump,0.34,trump,0.36,trump,0.34,trump,c= o-f>0.63
1465,b16,0.47,b16,0.41,b16,0.47,b16,c= o-f>0.63
1466,b15,0.32,b16,0.21,b15,0.32,b15,c = f>o
1467,lan,0.35,lan,0.33,lan,0.35,lan,c= o-f>0.63
1468,andy,0.25,lan,0.26,andy,0.25,lan,o-f<0.63
1469,zj,0.46,zj,0.48,zj,0.46,zj,c= o-f>0.63
1470,b16,0.16,trump,0.32,b16,0.16,trump,c = f<o
1471,trump,0.31,trump,0.38,trump,0.31,trump,c= o-f>0.63
1472,b12,0.26,b12,0.34,b12,0.26,b12,c = f<o
1473,b12,0.3,b12,0.19,b12,0.3,b12,c = f>o
1474,b15,0.34,b15,0.36,b15,0.34,b15,c= o-f>0.63
1475,b13,0.4,b13,0.45,b13,0.4,b13,c= o-f>0.63
1476,b11,0.37,b16,0.23,b11,0.37,b11,c = f>o
1477,b16,0.48,b16,0.27,b16,0.48,b16,c = f>o
1478,b13,0.4,b13,0.48,b13,0.4,b13,c= o-f>0.63
1479,trump,0.35,trump,0.49,trump,0.35,trump,c= o-f>0.63
1480,b16,0.38,b16,0.17,b16,0.38,b16,c = f>o
1481,b13,0.35,lan,0.23,b13,0.35,b13,c = f>o
1482,lan,0.39,lan,0.59,lan,0.39,lan,c= o-f>0.63
1483,b16,0.55,b16,0.51,b16,0.55,b16,c= o-f>0.63
1484,b17,0.14,b17,0.35,b17,0.14,b17,c = f<o
1485,lan,0.24,lan,0.34,lan,0.24,lan,c = f<o
1486,b13,0.36,b17,0.24,b13,0.36,b13,c = f>o
1487,lan,0.31,lan,0.52,lan,0.31,lan,c= o-f>0.63
1488,zj,0.19,zj,0.47,zj,0.19,zj,c = f<o
1489,trump,0.17,trump,0.21,trump,0.17,trump,o-f<0.63
1490,b11,0.18,b17,0.57,b11,0.18,b17,c = f<o
1491,andy,0.19,zj,0.35,andy,0.19,lan,c = f<o
1492,b12,0.23,b12,0.26,b12,0.23,b12,o-f<0.63
1493,b17,0.23,b17,0.57,b17,0.23,b17,c = f<o
1494,andy,0.34,andy,0.6,andy,0.34,andy,c= o-f>0.63
1495,lan,0.31,lan,0.59,lan,0.31,lan,c= o-f>0.63
1496,b16,0.46,b16,0.2,b16,0.46,b16,c = f>o
1497,b17,0.36,b17,0.5,b17,0.36,b17,c= o-f>0.63
1498,b11,0.36,b11,0.28,b11,0.36,b11,c = f>o
1499,b15,0.24,b16,0.17,b15,0.24,b15,o-f<0.63
1500,zj,0.43,zj,0.22,zj,0.43,zj,c = f>o
1501,b17,0.24,b17,0.3,b17,0.24,b17,c = f<o
1502,trump,0.37,trump,0.27,trump,0.37,trump,c = f>o
1503,b15,0.31,b15,0.23,b15,0.31,b15,c = f>o
1504,b12,0.33,b12,0.35,b12,0.33,b12,c= o-f>0.63
1505,b17,0.21,b17,0.32,b17,0.21,b17,c = f<o
1506,andy,0.24,andy,0.33,andy,0.24,zj,c = f<o
1507,andy,0.29,lan,0.17,andy,0.29,andy,o-f<0.63
1508,trump,0.26,trump,0.43,trump,0.26,trump,c = f<o
1509,b11,0.38,b11,0.22,b11,0.38,b11,c = f>o
1510,b12,0.36,b12,0.41,b12,0.36,b12,c= o-f>0.63
1511,b11,0.29,b17,0.31,b11,0.29,b11,c = f<o
1512,b16,0.44,b16,0.31,b16,0.44,b16,c= o-f>0.63
1513,trump,0.23,trump,0.35,trump,0.23,trump,c = f<o
1514,b11,0.33,b11,0.36,b11,0.33,b11,c= o-f>0.63
1515,b15,0.35,b15,0.38,b15,0.35,b15,c= o-f>0.63
1516,andy,0.31,zj,0.26,andy,0.31,andy,c = f>o
1517,b11,0.38,b11,0.3,b11,0.38,b11,c= o-f>0.63
1518,b16,0.21,b11,0.27,b16,0.21,b11,o-f<0.63
1519,b17,0.16,b17,0.24,b17,0.16,b17,o-f<0.63
1520,b17,0.31,b17,0.45,b17,0.31,b17,c= o-f>0.63
1521,trump,0.22,trump,0.36,trump,0.22,trump,c = f<o
1522,b11,0.36,b11,0.39,b11,0.36,b11,c= o-f>0.63
1523,andy,0.23,b13,0.16,andy,0.23,b13,o-f<0.63
1524,trump,0.23,trump,0.26,trump,0.23,trump,o-f<0.63
1525,trump,0.29,trump,0.36,trump,0.29,trump,c = f<o
1526,zj,0.45,zj,0.32,zj,0.45,zj,c= o-f>0.63
1527,b12,0.27,b12,0.34,b12,0.27,b12,c = f<o
1528,b16,0.43,b16,0.3,b16,0.43,b16,c= o-f>0.63
1529,b15,0.28,b16,0.19,b15,0.28,b15,o-f<0.63
1530,b15,0.28,b15,0.44,b15,0.28,b15,c = f<o
1531,trump,0.36,trump,0.44,trump,0.36,trump,c= o-f>0.63
1532,b15,0.3,b15,0.38,b15,0.3,b15,c= o-f>0.63
1533,b13,0.36,b13,0.45,b13,0.36,b13,c= o-f>0.63
1534,zj,0.34,zj,0.39,zj,0.34,zj,c= o-f>0.63
1535,b12,0.28,b12,0.33,b12,0.28,b12,c = f<o
1536,b11,0.31,b17,0.18,b11,0.31,b11,c = f>o
1537,b11,0.27,b16,0.18,b11,0.27,b11,o-f<0.63
1538,b16,0.15,b17,0.18,b16,0.15,b12,o-f<0.63
1539,lan,0.38,lan,0.37,lan,0.38,lan,c= o-f>0.63
1540,trump,0.37,trump,0.42,trump,0.37,trump,c= o-f>0.63
1541,b15,0.12,b13,0.27,b15,0.12,b13,o-f<0.63
1542,b12,0.27,b12,0.27,b12,0.27,b12,o-f<0.63
1543,zj,0.42,zj,0.35,zj,0.42,zj,c= o-f>0.63
1544,b17,0.2,b17,0.49,b17,0.2,b17,c = f<o
1545,lan,0.14,zj,0.22,lan,0.14,zj,o-f<0.63
1546,b17,0.32,b17,0.52,b17,0.32,b17,c= o-f>0.63
1547,andy,0.41,andy,0.48,andy,0.41,andy,c= o-f>0.63
1548,b12,0.25,b17,0.2,b12,0.25,b12,o-f<0.63
1549,b11,0.27,b11,0.3,b11,0.27,b11,c = f<o
1550,b16,0.44,b16,0.2,b16,0.44,b16,c = f>o
1551,b11,0.31,b11,0.23,b11,0.31,b11,c = f>o
1552,b16,0.59,b16,0.51,b16,0.59,b16,c= o-f>0.63
1553,b13,0.28,b13,0.33,b13,0.28,b13,c = f<o
1554,lan,0.37,lan,0.52,lan,0.37,lan,c= o-f>0.63
1555,b15,0.32,b15,0.29,b15,0.32,b15,c = f>o
1556,b11,0.31,b11,0.3,b11,0.31,b11,c= o-f>0.63
1557,lan,0.34,lan,0.38,lan,0.34,lan,c= o-f>0.63
1558,lan,0.26,lan,0.21,lan,0.26,zj,o-f<0.63
1559,andy,0.2,zj,0.19,andy,0.2,b15,o-f<0.63
1560,b15,0.31,b15,0.41,b15,0.31,b15,c= o-f>0.63
1561,b11,0.32,b11,0.32,b11,0.32,b11,c= o-f>0.63
